Employee_id,First_Name,Last_Name,Gender,Salary,Date_of_Birth,Age,Country,Department_id,Date_of_Joining,Manager_id,Currency,End_Date
1,Auberon,Nassie,Male,105623,07/11/1988,60,Sweden,4,23/10/2014,7,INR,30/11/2020
2,Kristopher,Winslet,Female,69531,29/07/1981,13,China,10,28/05/2016,7,AUD,09/09/2018
3,Kellina,Lamberto,Female,96879,24/07/1984,27,India,12,21/03/2016,9,INR,09/04/2020
4,Tobit,Halksworth,Female,76070,29/11/1981,44,India,4,12/11/2012,17,INR,04/10/2019
5,Missy,Bampkin,Male,62228,03/04/1981,54,USA,7,14/07/2013,8,AUD,20/10/2018
6,Faustina,Caser,Male,106837,27/05/1984,14,China,5,15/10/2014,5,INR,03/04/2020
7,Alic,Dooler,Male,77729,03/10/1991,-12,Sweden,17,21/06/2014,9,AUD,24/02/2018
8,Gabey,Mainson,Male,81590,05/05/1992,60,Sweden,7,14/04/2018,18,INR,29/03/2019
9,Hammad,Huckle,Male,71206,08/04/1983,-10,Germany,13,15/05/2018,19,AUD,30/12/2020
10,Kanya,Tipens,Male,98642,21/03/1986,53,USA,11,31/03/2017,2,INR,22/11/2020
11,Ugo,Choulerton,Male,108740,29/01/1985,40,Australia,9,28/09/2013,13,INR,23/08/2020
12,Kathy,Milstead,Female,121493,17/10/1991,-9,Brazil,8,17/09/2010,8,INR,02/10/2020
13,Fannie,Banks,Male,67525,26/08/1985,-6,China,8,08/12/2011,17,INR,28/12/2019
14,Loni,Dalinder,Female,119141,27/01/1990,-2,Canada,8,14/10/2017,19,INR,22/05/2018
15,Melitta,Stroban,Female,110615,24/08/1987,13,Germany,11,22/01/2018,20,INR,13/05/2018
16,Pepillo,Lurcock,Male,110210,26/03/1980,14,Denmark,7,21/09/2017,7,AUD,04/11/2020
17,Ben,Kember,Female,126559,01/07/1982,28,China,7,29/12/2018,12,AUD,30/03/2018
18,Donnie,Dodshon,Male,70872,08/01/1983,-13,USA,5,23/01/2012,7,INR,11/02/2018
19,Thelma,Blackston,Female,67683,05/09/1985,56,China,3,08/08/2017,16,AUD,15/07/2019
20,Stacy,Albon,Male,95195,02/09/1984,46,Sweden,19,07/05/2011,12,AUD,20/04/2018
21,Sherie,Onele,Female,96185,05/11/1990,-10,China,16,26/01/2014,9,AUD,18/12/2020
22,Rasla,Bagworth,Female,110823,09/03/1980,-12,Japan,3,04/09/2013,19,INR,11/09/2020
23,Suzie,Marrett,Male,98294,02/08/1984,20,Denmark,8,28/04/2017,1,AUD,16/11/2019
24,Erinn,Vango,Female,71036,27/09/1988,-2,USA,3,10/01/2018,19,INR,04/05/2018
25,Stafani,Fever,Male,104083,01/06/1982,48,Canada,12,21/08/2013,10,INR,28/03/2018
26,Clim,Windridge,Female,63537,18/09/1989,60,India,17,06/04/2013,2,INR,12/08/2018
27,Ashlen,Hurne,Male,63539,19/05/1992,52,Canada,13,07/05/2014,11,INR,04/11/2018
28,Wolfy,Loyd,Male,79376,19/11/1987,35,Canada,18,10/07/2014,19,INR,13/11/2020
29,Randolf,Boak,Female,123433,25/05/1982,5,India,8,17/10/2018,20,AUD,15/10/2018
30,Bonni,Duguid,Female,62451,03/04/1985,34,China,2,18/01/2016,18,AUD,13/02/2020
31,Rafaelita,Nye,Female,81086,13/04/1986,35,India,5,09/08/2016,3,INR,07/12/2020
32,Jarid,McGuckin,Male,86333,23/02/1983,-8,China,18,16/12/2012,18,INR,29/03/2018
33,Bennie,Surr,Female,62093,18/09/1983,-16,Canada,14,19/05/2016,15,AUD,14/05/2020
34,Zsa zsa,Waterstone,Male,96268,10/08/1984,9,UAE,14,24/03/2012,8,AUD,18/04/2020
35,Gabriel,Ormshaw,Female,120118,06/10/1984,25,USA,16,21/09/2015,19,INR,07/01/2020
36,Huberto,Killock,Female,115181,29/01/1992,29,Sweden,1,25/11/2017,3,AUD,12/11/2018
37,Northrop,Terney,Male,120212,07/11/1984,34,Canada,5,01/05/2013,15,INR,10/02/2020
38,Cyril,Abendroth,Female,68758,29/11/1983,15,Japan,11,21/05/2012,17,AUD,28/12/2020
39,Krissie,Samuel,Female,74154,17/08/1980,23,USA,14,16/02/2015,13,AUD,29/04/2018
40,Valeria,Skillett,Female,65882,28/08/1991,-5,Sweden,20,30/06/2014,8,INR,15/11/2018
41,Vincents,Strood,Male,64110,19/07/1990,20,Japan,8,17/01/2014,13,INR,05/05/2020
42,Jonis,Heaford,Female,71696,08/10/1986,20,Australia,17,16/02/2014,13,INR,11/09/2019
43,Orin,Poxton,Female,80074,20/11/1988,2,India,2,11/03/2017,20,AUD,09/07/2020
44,Beryle,Lyosik,Female,95075,01/08/1983,23,Brazil,3,25/07/2016,3,INR,01/07/2019
45,Devin,Passler,Female,77288,12/10/1982,-10,Japan,16,09/03/2013,17,INR,31/08/2019
46,Willey,Cockburn,Male,110737,28/09/1986,-6,China,7,30/11/2013,14,AUD,25/03/2018
47,Bart,Astbery,Male,64429,06/01/1992,52,Japan,16,11/06/2016,1,AUD,26/03/2020
48,Reinhard,Fourman,Female,116342,10/11/1982,16,China,18,11/05/2011,1,AUD,23/02/2019
49,Vikky,McCloch,Male,95866,04/04/1989,41,USA,16,13/05/2014,17,INR,21/03/2020
50,Kellen,Haruard,Male,91894,05/06/1980,58,Japan,4,02/10/2015,16,INR,21/07/2018
51,Lutero,Stapley,Male,128589,16/06/1984,43,India,1,25/02/2016,12,AUD,06/12/2018
52,Dulsea,Beardon,Male,61448,04/12/1981,-10,UAE,15,06/08/2012,8,INR,24/09/2019
53,Cloris,Charle,Male,116499,30/12/1991,43,India,4,14/12/2017,15,INR,07/08/2018
54,Ferris,Give,Male,109877,24/06/1987,37,Brazil,1,12/11/2010,18,AUD,22/06/2019
55,Kerk,Pardal,Male,125513,05/06/1991,-15,USA,5,14/11/2016,18,AUD,20/08/2019
56,Harlie,Connick,Male,70156,05/01/1986,10,Denmark,20,01/05/2010,19,AUD,13/07/2019
57,Tiffany,Blaisdell,Male,65463,03/05/1987,-3,UAE,6,02/02/2012,2,AUD,11/12/2020
58,Donica,Colquit,Male,100452,31/10/1990,48,Australia,17,18/03/2014,7,AUD,26/06/2019
59,Peria,Gallon,Female,64271,19/02/1986,41,UAE,13,22/10/2016,11,AUD,26/04/2018
60,Freddy,Dowzell,Male,124668,25/09/1983,42,UAE,12,03/08/2014,6,AUD,15/01/2020
61,Emmalynne,Canning,Male,72737,18/04/1985,50,China,7,27/02/2011,7,AUD,16/01/2019
62,Morganica,Wegner,Female,62834,26/07/1983,-9,Denmark,4,21/09/2010,18,AUD,22/04/2019
63,Thalia,Cristoforetti,Male,106125,09/07/1991,14,China,5,25/05/2013,8,INR,26/09/2018
64,Annemarie,Kirtlan,Female,108098,04/09/1989,40,Japan,,06/02/2010,16,INR,11/03/2019
65,Ulises,Walpole,Male,64275,15/10/1984,4,UAE,,11/05/2013,16,INR,15/11/2019
66,Consalve,Strangman,Female,88328,05/03/1991,5,Australia,,09/08/2012,4,INR,31/12/2019
67,Trixie,Mullany,Female,80308,14/01/1990,37,Germany,,21/11/2015,6,INR,27/11/2019
68,Rosene,Chartre,Male,89878,21/12/1991,-12,India,,17/05/2015,1,INR,10/12/2019
69,Adora,Clegg,Female,62720,24/04/1983,-2,Brazil,,23/01/2014,10,INR,22/06/2019
70,Karena,Neaverson,Female,62003,08/05/1989,4,India,,21/02/2014,20,AUD,04/12/2018
71,Novelia,Vasenkov,Male,122182,06/12/1980,17,Sweden,,21/10/2010,17,AUD,27/01/2020
72,Wilhelmina,Yoell,Male,75997,21/04/1986,42,Australia,,28/01/2015,17,INR,12/04/2020
73,Adriano,Fennick,Female,96774,04/07/1991,60,Germany,,30/10/2017,20,AUD,27/04/2018
74,Crystal,Luesley,Male,113232,06/01/1986,-1,China,,24/04/2010,3,INR,31/08/2020
75,Hinda,McElvine,Male,112756,11/08/1989,26,Sweden,,11/06/2015,16,INR,15/01/2020
76,Aurea,Navarijo,Female,99869,30/09/1981,23,Brazil,9,19/09/2015,11,INR,26/02/2018
77,Iosep,Pourvoieur,Female,65987,14/09/1987,16,USA,19,06/03/2015,14,AUD,23/10/2020
78,Cherri,Allsworth,Male,72294,18/09/1985,19,China,7,02/08/2017,2,INR,15/09/2019
79,Clovis,Pellatt,Male,129449,05/09/1990,-7,Sweden,11,18/01/2011,16,INR,03/04/2018
80,Halsey,Sine,Male,118316,23/09/1992,56,Brazil,7,04/05/2012,3,INR,22/12/2020
81,Orv,Hawkyens,Female,77003,18/04/1985,35,Australia,14,18/08/2011,15,AUD,21/03/2020
82,Carolan,Casperri,Female,97843,26/12/1983,58,Germany,17,29/06/2013,16,AUD,02/08/2020
83,Willard,Sprake,Female,106795,18/02/1985,8,Australia,10,11/07/2014,10,AUD,22/09/2019
84,Dorise,Dalgliesh,Female,86416,18/06/1980,25,Brazil,6,31/12/2012,9,INR,05/08/2020
85,Gabbie,Cowlin,Female,78706,30/10/1986,52,India,14,01/03/2010,12,AUD,13/07/2019
86,Jamie,Coslett,Female,99234,23/07/1980,27,Germany,2,25/02/2012,6,INR,24/02/2020
87,Leigh,Flintiff,Male,120479,27/02/1982,9,Denmark,17,13/09/2017,16,INR,12/10/2019
88,Griswold,Moorey,Female,129038,07/04/1989,2,UAE,2,21/06/2012,20,AUD,19/04/2020
89,Kathryn,Saterweyte,Female,92305,25/05/1990,37,Sweden,10,06/03/2013,10,INR,06/06/2018
90,Connor,Kinner,Female,125123,11/05/1982,-17,Brazil,13,20/02/2016,8,INR,22/08/2018
91,Quent,Perring,Male,99660,16/12/1981,50,Sweden,6,25/03/2017,3,INR,06/09/2018
92,Berenice,Speechly,Female,129430,13/02/1989,19,Denmark,20,26/05/2018,11,INR,12/01/2019
93,Henrieta,Macey,Female,71971,28/09/1988,-5,Australia,15,25/10/2013,11,INR,22/12/2019
94,Durant,Wipfler,Female,129746,26/01/1982,25,UAE,12,15/07/2016,17,AUD,16/01/2019
95,Frederique,Bockin,Male,104141,30/08/1992,37,Brazil,9,02/06/2011,15,INR,10/03/2020
96,Georgy,Nestle,Female,123209,14/07/1982,20,China,16,11/03/2010,2,AUD,30/03/2020
97,Felic,Burgiss,Female,92172,25/07/1983,49,Brazil,2,14/02/2010,20,AUD,05/03/2018
98,Sophie,Landsberg,Male,83542,07/02/1992,8,USA,13,01/11/2017,6,INR,07/04/2019
99,Lorrin,Judkin,Male,127423,04/07/1981,15,Denmark,15,13/06/2014,2,INR,22/11/2020
100,Dora,Tomasik,Male,74397,19/11/1981,41,Brazil,15,04/07/2013,14,AUD,31/10/2020
101,Cecilia,Mattsson,Female,109738,28/06/1983,49,USA,18,22/03/2013,13,AUD,15/03/2018
102,Sander,Kernocke,Male,98134,15/03/1992,-12,Denmark,14,21/07/2010,18,AUD,22/05/2018
103,Gwenneth,Cluett,Male,62715,15/05/1991,-14,India,20,12/12/2012,11,AUD,12/05/2019
104,Maryanne,Halfacre,Female,80523,26/01/1982,10,UAE,4,14/09/2013,16,AUD,14/07/2018
105,Lura,Brettelle,Male,127906,01/11/1990,54,Sweden,6,30/04/2013,2,AUD,24/01/2020
106,Winne,Barwise,Female,113048,01/07/1990,58,Australia,12,06/06/2013,16,INR,06/10/2020
107,Lucian,Orgee,Female,111479,20/02/1992,-16,Denmark,8,27/04/2010,6,AUD,25/05/2020
108,Husain,Scannell,Male,95944,21/01/1983,-3,Germany,20,13/10/2014,19,AUD,09/01/2018
109,Carce,Binnie,Male,77073,29/09/1990,-14,Denmark,13,25/06/2014,14,INR,08/03/2020
110,Gusti,Grahlmans,Male,96854,13/02/1988,58,Sweden,14,07/11/2012,1,INR,07/04/2019
111,Lin,Ogbourne,Female,105222,18/11/1991,-5,Germany,12,25/09/2011,13,AUD,07/05/2020
112,Becky,Rapinett,Female,63501,22/07/1985,15,Denmark,20,02/11/2010,4,INR,19/01/2018
113,Rafaellle,Baignard,Male,116503,25/01/1990,53,Japan,9,29/09/2010,15,AUD,19/10/2019
114,Saundra,Pietzker,Female,111724,08/04/1983,11,Canada,3,17/11/2016,4,INR,18/03/2018
115,Nicola,Tracy,Female,72646,05/04/1992,14,Denmark,14,01/12/2015,3,AUD,19/07/2019
116,Colline,Teese,Female,129475,07/09/1987,32,UAE,15,08/10/2017,9,INR,28/02/2020
117,Alexina,Kindon,Female,60311,04/10/1983,3,Japan,4,29/12/2013,16,AUD,08/05/2020
118,Raine,Gwyer,Male,92622,23/03/1992,21,Canada,5,11/07/2010,10,AUD,04/02/2019
119,Jerrie,Giacobillo,Male,103119,04/12/1985,-18,Sweden,2,20/12/2011,4,AUD,09/01/2019
120,Buddie,Gilleson,Female,111069,16/11/1987,37,Brazil,6,26/07/2010,12,INR,24/07/2019
121,Ahmad,Mizzen,Male,116304,24/10/1984,15,Australia,4,25/11/2017,19,INR,10/11/2018
122,Florian,Bogey,Male,124783,17/10/1983,2,Sweden,6,28/07/2013,18,INR,23/11/2020
123,Lucy,Attenborough,Male,108264,17/10/1990,5,USA,7,29/11/2011,1,AUD,20/08/2020
124,Ania,Tollit,Female,101929,11/04/1985,24,Sweden,18,14/11/2018,9,AUD,26/06/2018
125,Blithe,Healy,Female,71339,12/01/1983,60,Germany,9,14/07/2010,10,INR,23/10/2018
126,Ashli,Birds,Male,100634,27/01/1989,10,Canada,11,06/03/2012,8,AUD,04/06/2019
127,Dulcy,Longdon,Female,95664,24/04/1989,-8,China,13,05/11/2016,16,AUD,09/04/2019
128,Venita,Pinsent,Male,61994,29/06/1980,25,Germany,17,19/02/2014,10,INR,21/07/2020
129,Eadie,Brand,Male,69346,01/09/1989,-18,China,13,14/02/2011,17,INR,30/04/2019
130,Viv,Blenkinsop,Female,74898,07/10/1992,23,Germany,7,23/10/2016,4,INR,14/11/2020
131,Elke,Chatelot,Female,121858,21/08/1981,2,China,6,01/07/2017,9,INR,25/11/2019
132,Andrus,Ambresin,Male,90937,09/03/1991,57,Sweden,11,13/02/2017,15,INR,15/09/2018
133,Ulysses,Ianittello,Female,93821,30/04/1981,18,UAE,9,28/10/2013,15,AUD,05/01/2020
134,Andy,Sinclar,Female,102541,22/09/1992,-4,Canada,19,13/08/2016,12,AUD,20/11/2018
135,Raynor,Morrallee,Male,77493,21/02/1988,47,UAE,8,18/06/2017,16,AUD,19/07/2019
136,Brynn,Briat,Female,96822,08/06/1986,16,Germany,13,14/07/2012,9,INR,05/09/2018
137,Mohandis,Voce,Male,107765,06/02/1987,2,USA,10,22/04/2013,16,AUD,15/07/2018
138,Eugen,Aish,Male,108156,14/04/1990,3,Canada,15,08/10/2017,5,AUD,18/10/2020
139,Susana,Gallgher,Female,86199,16/08/1990,34,USA,16,16/12/2018,18,INR,16/10/2018
140,Kit,Causton,Male,66070,25/08/1981,-3,USA,17,12/01/2012,20,AUD,21/05/2019
141,Sephira,Steiner,Female,107362,28/05/1981,-4,China,20,09/05/2017,5,INR,09/05/2020
142,Chelsea,Frewer,Female,100998,02/01/1984,57,USA,4,11/05/2018,1,INR,21/01/2020
143,Jamil,Ray,Female,105468,28/05/1985,15,Denmark,4,29/08/2014,13,AUD,19/02/2020
144,Torry,Lawlance,Male,104218,06/09/1982,20,China,10,19/03/2015,5,INR,16/01/2019
145,Ruthanne,Estrella,Female,71028,02/12/1992,28,Japan,20,13/10/2013,3,INR,07/08/2019
146,Cart,Pashen,Female,101047,17/07/1989,-16,Japan,10,16/02/2014,18,INR,22/05/2020
147,Scott,Lovel,Female,120469,27/03/1983,35,Canada,19,27/06/2017,11,INR,12/07/2020
148,Abdel,Phlippi,Female,125549,19/05/1988,-6,USA,8,06/02/2014,3,INR,25/05/2019
149,Sheri,De Goey,Male,70377,17/06/1990,21,Denmark,15,06/04/2013,14,AUD,03/11/2019
150,Cesaro,Rummin,Female,64761,21/05/1990,44,Brazil,20,16/05/2015,18,INR,15/07/2019
151,Horace,Gillett,Male,127440,04/09/1983,-13,Brazil,16,15/10/2012,20,AUD,06/07/2018
152,Nanci,Hanwell,Female,129427,10/12/1983,18,Denmark,19,03/11/2016,17,AUD,04/11/2019
153,Lizzie,Norrington,Male,66227,17/08/1985,59,Australia,15,07/12/2012,19,INR,08/05/2018
154,Lexi,Wrathmall,Female,115735,08/10/1988,13,Australia,11,21/06/2014,10,AUD,04/09/2020
155,Murry,Wareham,Male,115902,16/01/1992,32,Germany,11,09/06/2014,5,AUD,12/04/2019
156,Lanie,Kaygill,Female,97893,01/07/1980,17,Sweden,14,01/12/2011,15,AUD,19/01/2020
157,Milt,Damarell,Female,61658,11/03/1985,3,USA,12,11/03/2013,17,AUD,12/05/2018
158,Olivette,Merriott,Male,109913,14/10/1981,41,India,19,16/12/2014,8,INR,12/08/2019
159,Farly,Muge,Male,116381,10/01/1991,-1,Brazil,1,18/11/2017,20,AUD,24/05/2020
160,Keslie,Flieger,Male,69798,17/05/1981,8,Germany,13,17/02/2017,20,INR,28/12/2020
161,Aldrich,Espada,Female,68017,16/11/1986,59,Germany,16,26/11/2014,14,AUD,02/11/2020
162,Modestia,Hillburn,Female,61359,15/09/1980,-9,Sweden,13,13/10/2011,14,AUD,01/09/2018
163,Sylvan,Bigg,Male,125077,11/08/1983,-16,USA,6,13/09/2015,11,AUD,18/10/2020
164,Candi,Evequot,Male,129532,18/08/1992,3,Japan,12,13/05/2010,8,INR,08/02/2020
165,Caspar,Padbury,Male,71627,15/02/1987,51,Germany,13,15/11/2018,9,AUD,21/09/2018
166,Gabby,Reijmers,Female,115489,28/06/1985,-3,China,7,27/06/2013,1,AUD,23/03/2020
167,Crawford,Handscombe,Male,105299,07/05/1981,51,Brazil,6,03/10/2017,12,AUD,28/04/2018
168,Ralina,Junkison,Male,87917,31/07/1982,17,Australia,7,16/01/2017,18,AUD,13/02/2019
169,Federica,Gannaway,Male,124780,03/09/1988,29,Germany,12,04/01/2016,12,AUD,10/11/2019
170,Den,Molnar,Female,76168,16/10/1985,29,China,10,24/06/2010,9,INR,16/05/2018
171,Joachim,Loakes,Male,81453,28/03/1992,2,Brazil,3,20/12/2018,20,AUD,11/10/2018
172,Giles,Berkery,Female,61380,13/08/1985,-3,China,14,26/05/2012,18,AUD,18/01/2020
173,Elizabeth,Noel,Female,96677,20/02/1987,15,Denmark,16,22/11/2010,18,AUD,24/10/2019
174,Lenci,Dow,Male,61839,29/04/1981,31,India,7,15/03/2013,5,AUD,01/06/2019
175,Nikos,Micallef,Male,66804,01/08/1989,-5,Australia,3,26/06/2016,3,INR,02/05/2018
176,Nelly,Dower,Female,65555,10/09/1985,41,Brazil,14,29/11/2015,6,AUD,07/12/2020
177,Chicky,Aylett,Female,113941,23/11/1986,32,Brazil,18,18/08/2015,17,AUD,31/03/2019
178,Sibyl,Pitkin,Male,85776,25/09/1983,28,Australia,3,31/01/2012,15,INR,01/08/2018
179,Tiffany,Siman,Male,69985,18/06/1987,10,Canada,20,25/03/2011,15,INR,25/09/2020
180,Emelia,McGuiness,Female,115307,01/05/1986,41,Sweden,2,06/05/2011,2,INR,14/09/2018
181,Putnem,Creegan,Female,81199,24/11/1982,-17,USA,3,03/10/2018,13,AUD,08/12/2018
182,Korie,Rossbrooke,Male,80250,14/11/1991,6,USA,11,29/07/2010,12,AUD,20/10/2018
183,Boot,Hastewell,Male,129593,21/09/1987,-16,Brazil,14,06/09/2012,9,AUD,12/05/2020
184,Mead,Babbidge,Female,78743,23/11/1988,56,Japan,4,20/10/2016,5,AUD,31/01/2019
185,Jeanne,Cinavas,Female,120998,12/04/1984,32,Canada,16,22/04/2018,6,AUD,28/07/2019
186,Bernard,Jopp,Female,112579,14/08/1989,4,India,19,19/02/2016,6,AUD,18/09/2020
187,Ricky,Standell,Male,104280,25/06/1992,2,India,18,11/02/2018,8,INR,25/09/2019
188,Vivyanne,Mains,Male,68336,08/06/1986,11,China,13,06/09/2017,5,AUD,28/08/2018
189,Hallie,Mac Giolla Pheadair,Male,123979,29/08/1983,-17,Brazil,13,05/08/2013,2,INR,05/06/2019
190,Bren,Riggott,Male,86608,09/08/1982,23,USA,2,19/05/2014,11,AUD,16/01/2020
191,Lester,Wymer,Male,76611,27/07/1987,38,China,3,24/07/2018,6,INR,01/12/2018
192,Irena,Scrauniage,Male,113362,26/03/1981,27,Germany,16,16/09/2013,11,AUD,29/04/2018
193,Lyndell,Andrivot,Female,103914,31/08/1983,58,Canada,16,02/08/2015,1,AUD,09/02/2018
194,Kris,Gudyer,Male,81631,09/08/1985,-3,China,17,29/06/2018,13,AUD,26/09/2019
195,Sosanna,O'Hoolahan,Female,91075,01/07/1992,10,Canada,9,25/06/2018,6,INR,27/01/2020
196,Glad,Sharrem,Male,84973,02/11/1980,9,USA,11,08/07/2018,14,INR,14/08/2020
197,Daniela,Hallas,Female,126745,09/08/1991,9,Japan,2,28/10/2018,8,INR,01/12/2020
198,Fiorenze,Reddington,Female,75554,31/12/1982,21,Germany,19,13/06/2013,11,AUD,30/10/2018
199,Glynis,Mityakov,Female,80832,18/02/1991,10,Germany,18,21/06/2013,12,AUD,09/10/2019
200,Gran,Enocksson,Female,79034,02/08/1985,-11,China,8,04/09/2013,7,AUD,22/01/2018
201,Jada,Mara,Female,101128,05/12/1983,-2,Brazil,18,11/02/2014,11,AUD,01/11/2020
202,Teddi,Dennehy,Male,112005,16/10/1984,59,Australia,4,18/02/2011,3,INR,30/03/2018
203,Abner,Van Driel,Male,121817,26/01/1989,16,Japan,16,05/02/2013,14,AUD,05/10/2019
204,Josselyn,Jukubczak,Male,95827,20/04/1981,0,Japan,17,14/11/2018,19,AUD,27/08/2018
205,Hammad,Gheorghie,Female,61128,18/07/1986,43,Australia,16,20/03/2016,2,AUD,18/10/2018
206,Illa,Leathley,Female,111090,30/06/1983,32,Germany,2,25/01/2010,14,INR,28/10/2018
207,Rees,Limeburner,Female,71493,08/06/1983,20,Brazil,12,22/11/2011,9,INR,14/12/2019
208,Milli,Northidge,Male,89918,30/09/1985,28,Japan,13,01/05/2010,19,AUD,22/09/2020
209,Taffy,Skullet,Male,116884,28/12/1991,-13,USA,1,08/04/2017,1,AUD,30/03/2020
210,Zandra,Caldeyroux,Male,74391,29/09/1984,42,Sweden,4,27/11/2010,3,AUD,09/11/2020
211,Raf,Attwood,Female,116291,05/07/1988,5,Australia,12,21/01/2014,6,INR,13/07/2020
212,Bonnibelle,Tudgay,Male,81402,01/03/1991,37,Canada,7,10/10/2018,11,INR,01/04/2019
213,Liva,Vanderplas,Male,76753,22/08/1985,16,China,9,15/02/2012,20,INR,04/10/2020
214,Bessy,MacKimm,Female,129959,26/09/1990,-9,Brazil,3,20/03/2015,2,INR,27/12/2020
215,Theresita,MacCracken,Female,105873,04/01/1986,-14,Canada,2,04/03/2013,2,INR,22/07/2020
216,Horatius,Skeeles,Female,94344,30/06/1982,17,India,4,29/09/2018,6,INR,08/09/2019
217,Matty,Uphill,Male,70059,26/09/1985,45,Germany,1,17/04/2012,3,INR,26/10/2018
218,Anette,Brise,Male,67207,27/06/1980,30,India,7,27/11/2017,20,AUD,10/05/2020
219,Ruperta,Manicom,Male,124636,08/08/1987,54,Australia,14,07/02/2016,7,AUD,07/01/2020
220,Franchot,Langcaster,Male,118114,19/10/1982,2,Australia,10,29/08/2018,2,AUD,09/05/2020
221,Celka,Bellon,Male,67265,07/11/1980,-10,Japan,16,10/09/2011,5,INR,20/09/2018
222,Jarret,Lidgard,Female,78596,01/11/1985,22,Denmark,10,04/11/2010,6,AUD,21/09/2018
223,Gabie,Massinger,Male,111943,04/03/1987,57,Canada,20,10/12/2018,11,INR,26/06/2019
224,Concordia,Lemmertz,Male,76000,22/05/1989,17,China,12,18/05/2012,17,AUD,24/09/2019
225,Irv,Del Dello,Male,99748,25/08/1987,57,China,13,10/05/2018,6,INR,17/02/2019
226,Kellia,Bohl,Female,129578,01/05/1980,25,Australia,11,29/01/2016,19,INR,18/05/2018
227,Amos,De Banke,Male,62685,15/06/1992,44,Denmark,9,02/09/2014,11,AUD,26/08/2019
228,Prisca,McGhee,Female,68168,15/09/1981,-10,UAE,16,27/06/2018,11,AUD,10/09/2019
229,Doralynne,Wheildon,Male,96166,03/02/1992,17,China,1,15/08/2012,14,AUD,22/05/2019
230,Meryl,Margetts,Female,126466,25/11/1985,11,India,2,07/08/2013,18,INR,23/03/2019
231,Zoe,Bautiste,Male,61323,12/11/1987,18,Sweden,14,29/05/2014,12,AUD,20/11/2020
232,Goddart,Tiebe,Male,103097,29/03/1989,-12,Brazil,2,30/11/2014,2,AUD,01/08/2018
233,Dagmar,Simmings,Male,73268,09/04/1988,51,USA,18,02/12/2012,10,INR,27/08/2018
234,Karalynn,Jermey,Male,84520,02/08/1986,-3,Australia,17,04/02/2018,6,INR,24/07/2019
235,Christoper,Canfer,Female,61003,03/11/1988,20,Denmark,10,12/01/2013,13,INR,28/03/2018
236,Letti,Boyles,Female,73237,30/06/1984,32,Brazil,14,05/11/2017,7,INR,31/07/2020
237,Eliza,Boame,Female,97187,27/07/1985,54,Canada,5,27/07/2010,14,INR,10/06/2018
238,Harmonie,Roache,Female,119166,25/03/1980,-14,USA,17,21/01/2016,3,AUD,09/08/2018
239,Sutton,Threadgall,Female,68422,05/06/1981,23,USA,18,07/07/2014,1,AUD,30/08/2018
240,Dasie,Mably,Female,129977,10/03/1992,-12,Canada,5,22/04/2017,7,INR,01/07/2020
241,Oralia,Bemrose,Female,122053,02/05/1991,-8,China,7,31/10/2013,16,AUD,11/02/2019
242,Eleanore,Snadden,Male,125335,29/05/1985,35,Germany,19,22/09/2012,18,AUD,18/11/2018
243,Mace,Genese,Female,88662,23/07/1984,28,Japan,2,21/05/2016,11,AUD,06/10/2020
244,Noland,Tully,Female,103009,02/07/1989,-18,USA,15,10/03/2011,1,INR,27/11/2019
245,Demetris,Basil,Female,92390,11/07/1989,-13,Australia,9,30/05/2016,20,AUD,15/05/2020
246,Kaja,Swede,Male,74558,08/01/1981,9,Denmark,3,04/06/2017,14,AUD,10/08/2018
247,Yorgos,Thorns,Male,95121,13/05/1990,52,Brazil,4,26/09/2011,1,INR,24/05/2019
248,Gabi,Buist,Male,86551,17/03/1983,17,UAE,6,02/08/2016,16,INR,14/03/2019
249,Dean,Newburn,Female,90673,09/06/1986,45,UAE,12,29/06/2018,7,INR,07/05/2020
250,Melania,Fancet,Male,60812,29/05/1990,27,Brazil,9,25/04/2011,12,AUD,28/01/2020
251,Lavinia,Comini,Female,79583,21/10/1985,33,Australia,17,13/01/2012,3,AUD,11/05/2020
252,Jae,Owtram,Female,75882,08/05/1989,48,Brazil,8,07/07/2017,17,AUD,15/08/2019
253,Oberon,Syer,Male,108064,19/05/1983,41,China,2,27/12/2016,18,AUD,26/03/2019
254,Zolly,Neylon,Female,96715,08/11/1992,57,Japan,11,23/06/2013,11,INR,04/08/2019
255,Melonie,Farries,Female,79108,22/02/1988,59,Japan,14,24/03/2018,15,INR,08/08/2018
256,Alfreda,Oblein,Female,127330,29/11/1992,-4,Germany,12,28/05/2012,12,INR,05/05/2020
257,Dulcine,Gregr,Male,113725,19/03/1987,11,USA,12,25/03/2018,1,INR,07/03/2018
258,Renaud,Beauvais,Female,127558,11/08/1990,35,Brazil,11,14/01/2016,2,INR,28/02/2019
259,Katrine,Skipper,Female,97166,17/09/1984,40,Brazil,17,14/07/2011,11,INR,23/07/2019
260,Min,Blackaller,Male,113759,29/02/1984,48,Denmark,4,20/09/2016,2,AUD,24/07/2018
261,Tannie,Dacres,Male,98817,10/10/1985,48,UAE,14,16/02/2012,11,INR,25/05/2020
262,Layton,McClelland,Male,107331,27/12/1988,-17,UAE,20,26/03/2014,20,INR,07/02/2018
263,Margarita,Breeder,Male,77238,08/09/1986,23,Sweden,20,21/12/2012,5,INR,24/02/2020
264,Glynn,Poynor,Male,64585,03/10/1987,56,Brazil,10,08/03/2013,2,AUD,11/12/2019
265,Lianne,Peirone,Female,92012,07/01/1987,53,Denmark,10,05/01/2016,10,AUD,05/10/2020
266,Maynord,Winsiowiecki,Male,106201,14/11/1992,44,Australia,9,05/10/2017,11,AUD,18/12/2020
267,Kaycee,Lammertz,Male,100589,17/09/1991,-14,USA,11,19/10/2014,3,INR,15/08/2018
268,Kore,Stucksbury,Male,72094,30/11/1990,35,India,7,21/06/2014,12,INR,09/01/2020
269,Tedd,De Castri,Male,71159,16/04/1992,11,Australia,9,16/11/2013,12,AUD,12/08/2020
270,Tabor,Maddyson,Male,121506,23/03/1987,-5,Denmark,10,01/06/2018,16,AUD,01/12/2018
271,Audie,Conniam,Male,89208,03/03/1988,57,Australia,17,18/09/2014,1,AUD,03/03/2019
272,Hamlen,Orgel,Female,113551,29/03/1983,28,India,14,16/09/2017,4,INR,02/01/2021
273,Genni,Lafond,Female,79399,12/03/1980,13,Denmark,18,15/10/2013,8,INR,01/02/2019
274,Thorsten,Ziehm,Male,111074,06/02/1986,-1,Sweden,18,11/08/2017,18,AUD,13/05/2020
275,Mable,MacArthur,Female,114302,09/05/1992,56,Japan,5,25/11/2013,15,AUD,01/03/2020
276,Maryrose,Shaylor,Male,90535,04/01/1985,-10,Germany,16,18/02/2011,9,INR,20/06/2019
277,Aubrey,Burnage,Male,120619,29/03/1985,34,China,9,11/08/2016,12,INR,25/12/2019
278,Nadiya,Brittan,Female,84520,16/02/1988,48,Sweden,17,29/04/2014,8,INR,15/10/2019
279,Trixie,McPolin,Male,117702,01/10/1982,53,Sweden,17,17/11/2015,2,AUD,30/05/2018
280,Bibbye,Donaghy,Male,102625,10/05/1988,33,Australia,5,17/04/2016,4,INR,23/01/2018
281,Gale,McSparran,Female,110615,19/08/1983,57,China,9,21/06/2013,13,INR,23/06/2020
282,Sherie,Blanpein,Female,99787,03/12/1983,59,Japan,18,05/09/2018,5,AUD,05/03/2018
283,Wolf,Battisson,Male,85940,29/07/1986,-7,UAE,12,13/05/2017,20,AUD,04/06/2019
284,Bev,Basant,Male,96952,30/11/1989,35,UAE,11,22/10/2011,16,AUD,14/12/2019
285,Inger,Portch,Male,62679,08/09/1988,-13,USA,4,17/04/2011,16,INR,02/06/2018
286,Terri,Tesh,Female,103578,11/09/1984,-15,China,17,23/12/2011,13,INR,05/08/2018
287,Fredek,Longridge,Male,112270,29/06/1990,56,Brazil,10,30/11/2012,2,INR,21/12/2019
288,Alta,Trew,Male,77644,05/03/1990,-2,India,9,30/03/2014,19,AUD,17/11/2018
289,Lewie,Jans,Female,72139,06/12/1980,34,Japan,9,27/11/2014,2,AUD,22/11/2020
290,Shelly,Adlington,Female,110465,22/09/1983,-15,Canada,11,09/01/2010,15,INR,10/05/2018
291,Pearle,Northover,Male,69994,30/01/1983,26,Canada,16,26/12/2010,19,AUD,31/07/2019
292,Ken,Hullot,Male,121319,04/12/1980,33,Canada,20,16/01/2017,18,AUD,22/09/2020
293,Cletus,Zaczek,Female,80767,23/11/1987,57,Canada,20,04/12/2016,2,AUD,30/01/2018
294,Cullin,Ramey,Female,120595,07/02/1984,24,China,15,11/07/2018,14,AUD,13/07/2018
295,Enrichetta,Hadwin,Male,126026,08/09/1986,0,Denmark,6,04/07/2015,17,INR,22/05/2019
296,Joelle,Cawtheray,Female,87244,11/12/1990,-7,UAE,1,08/09/2018,3,INR,22/09/2020
297,Kip,Ribou,Female,81073,14/07/1985,23,China,16,07/03/2016,7,AUD,17/02/2019
298,Wallis,Clayson,Male,109347,06/11/1984,51,Brazil,19,07/07/2018,4,AUD,20/09/2019
299,Bev,Ostler,Female,80935,10/01/1980,28,UAE,20,13/01/2015,8,AUD,09/04/2019
300,Caryl,Barkhouse,Male,95296,08/09/1987,14,Denmark,2,07/09/2016,11,INR,22/03/2018
301,Matty,Marchenko,Male,64764,16/01/1980,2,India,1,01/03/2012,18,AUD,22/09/2019
302,Lanni,Ofen,Male,66069,01/11/1992,-11,Australia,20,31/08/2018,20,INR,25/04/2020
303,Asa,Trappe,Female,113857,26/03/1992,57,China,16,14/04/2014,1,INR,12/06/2019
304,Cully,Brixey,Female,75405,07/10/1980,23,India,11,08/04/2014,4,AUD,05/05/2019
305,Tiertza,Jobbins,Female,102555,23/03/1987,54,Japan,19,09/03/2012,2,AUD,23/04/2020
306,Fianna,Alldis,Female,88030,26/01/1990,21,UAE,14,13/07/2013,11,INR,05/11/2020
307,Leeann,Brazur,Female,126781,21/01/1982,9,Brazil,5,02/06/2017,13,AUD,22/08/2020
308,Wilburt,Waitland,Male,76283,22/02/1984,29,USA,3,01/06/2016,6,AUD,05/03/2018
309,Ninnette,Stannus,Female,117340,17/11/1984,48,China,18,19/09/2014,18,INR,11/07/2019
310,Olag,Readhead,Male,106358,19/06/1987,18,Australia,11,16/06/2017,14,INR,26/01/2019
311,Gerek,Mogie,Male,67311,17/06/1991,24,China,12,14/03/2015,2,AUD,05/08/2018
312,Sherry,Hurford,Male,85961,21/01/1989,42,Germany,10,12/05/2018,2,AUD,25/03/2020
313,Biron,Trayes,Female,109232,21/04/1986,36,Denmark,2,20/04/2010,3,INR,23/04/2020
314,Darryl,Chisholm,Male,66448,01/07/1980,-14,China,2,01/09/2011,1,AUD,27/06/2019
315,Sherlocke,Novacek,Female,111906,05/08/1991,33,Brazil,15,24/08/2018,10,AUD,13/05/2019
316,Allie,Yvens,Female,70056,15/03/1990,25,India,19,07/07/2013,6,INR,30/11/2018
317,Tansy,Trowsdall,Female,113065,06/10/1989,5,China,8,21/09/2011,20,AUD,08/08/2018
318,Dacia,Littley,Male,124249,03/04/1989,29,UAE,1,10/06/2010,20,INR,29/05/2019
319,Karlis,Happs,Male,126705,12/03/1981,0,Sweden,15,20/07/2016,4,INR,09/02/2020
320,Quentin,Sherrett,Female,112643,17/09/1985,2,Germany,9,21/03/2013,4,INR,07/07/2019
321,Daveen,Wittey,Male,125457,17/04/1981,-12,USA,3,22/07/2013,20,INR,17/07/2019
322,Abdel,Derobert,Male,111853,04/06/1992,32,Brazil,11,08/03/2014,12,INR,12/02/2019
323,Belicia,Peoples,Male,78383,07/05/1981,-5,China,19,06/03/2018,15,AUD,16/06/2020
324,Sheri,Thirsk,Male,72759,04/01/1980,31,Canada,15,10/06/2017,19,AUD,29/07/2018
325,Everard,Hauxley,Male,81681,24/04/1981,34,India,16,25/03/2018,8,INR,16/01/2019
326,Birdie,Risby,Male,102388,30/06/1984,14,Canada,12,11/07/2017,14,INR,23/05/2018
327,Hedy,Mintram,Female,121562,16/01/1992,25,USA,7,18/08/2018,14,INR,09/05/2020
328,Wally,Kinzel,Female,88994,04/07/1986,18,Japan,4,03/07/2015,17,INR,15/06/2020
329,Brandise,Coskerry,Female,123417,16/08/1990,2,Germany,19,01/10/2016,2,AUD,07/01/2020
330,Ibbie,Folkes,Male,63125,09/11/1986,57,Sweden,3,12/06/2013,2,AUD,08/07/2018
331,Stinky,Whalley,Male,90169,04/02/1981,27,UAE,7,22/01/2013,14,AUD,30/09/2018
332,Aeriela,Podbury,Male,118013,29/09/1991,36,UAE,19,01/03/2018,2,INR,22/12/2020
333,Vanya,Byllam,Male,62549,04/05/1980,56,China,6,11/07/2016,13,INR,25/11/2018
334,Joice,Guttridge,Male,109106,13/10/1982,33,Australia,1,03/04/2013,13,AUD,28/10/2019
335,Samara,Atwater,Female,83745,06/06/1981,30,Denmark,10,10/07/2012,3,INR,18/09/2020
336,Rustin,Graves,Male,115017,21/03/1982,7,Australia,18,03/06/2016,5,AUD,26/06/2020
337,Hadrian,Elsip,Male,75013,22/03/1980,1,Australia,14,27/03/2013,20,INR,12/03/2019
338,Arri,Kingaby,Male,123757,07/04/1984,24,USA,15,12/09/2012,14,AUD,12/06/2018
339,Costa,Lorrie,Male,109768,11/03/1988,32,India,9,13/04/2016,10,AUD,13/10/2019
340,Ninnette,Hanscombe,Male,71283,27/11/1988,0,USA,3,08/07/2010,5,AUD,18/09/2018
341,Vally,Cassells,Female,81628,14/11/1990,-12,USA,1,27/12/2016,6,INR,27/10/2019
342,Sallie,Bockmaster,Male,114512,26/09/1992,12,Australia,19,19/11/2014,18,AUD,04/08/2019
343,Alvira,Ackland,Male,113606,16/06/1987,2,USA,11,01/12/2010,4,INR,02/05/2019
344,Nicol,Hemphall,Female,65396,27/01/1989,-9,China,8,10/11/2010,1,AUD,19/12/2018
345,Elli,Downage,Female,65307,27/06/1989,24,Japan,11,04/08/2011,20,AUD,07/03/2020
346,Marnia,Neising,Female,87010,18/02/1989,54,Brazil,15,20/10/2011,4,INR,20/12/2020
347,Ric,Petschelt,Female,117606,12/08/1987,43,Canada,12,25/03/2018,8,INR,23/03/2019
348,Ker,Billham,Female,123035,08/02/1989,31,Sweden,7,05/02/2015,15,AUD,15/10/2018
349,Ruy,Gockelen,Male,125031,12/12/1989,17,Denmark,19,26/12/2011,19,INR,20/07/2018
350,Felipe,Turnor,Male,107198,14/01/1985,55,Germany,19,20/04/2016,12,AUD,05/06/2018
351,Amandie,Cammacke,Male,114605,23/10/1987,19,Canada,18,06/09/2017,15,INR,19/01/2018
352,Meara,Gero,Male,91671,28/07/1988,32,Australia,20,11/11/2017,11,INR,20/12/2018
353,Iain,Szymanski,Male,105349,23/05/1983,2,Australia,12,07/10/2017,19,AUD,24/04/2018
354,Norean,Kidby,Male,98968,01/05/1984,48,Brazil,7,07/07/2016,3,INR,14/04/2019
355,Ruthanne,Cosgreave,Male,112094,04/12/1982,28,China,5,19/05/2016,9,AUD,27/01/2020
356,Evey,Marcroft,Female,69505,05/04/1984,-2,Canada,20,15/04/2016,4,AUD,12/03/2019
357,Penelopa,Dearan,Male,109574,31/08/1984,6,Australia,18,27/02/2016,15,AUD,13/05/2020
358,Ursola,Kose,Male,83579,22/04/1980,-7,Japan,14,02/05/2015,17,AUD,05/02/2019
359,Petunia,Kingcott,Male,91275,28/12/1980,17,UAE,18,10/02/2018,3,AUD,11/05/2018
360,Rosie,Newbatt,Female,99580,15/08/1981,31,UAE,15,20/11/2017,15,INR,14/04/2020
361,Nickie,Aylwin,Female,88075,26/05/1984,3,UAE,18,26/05/2016,10,INR,27/09/2018
362,Hernando,Ellissen,Female,103850,19/04/1985,26,Canada,19,02/01/2016,12,INR,14/08/2020
363,Marc,Peyntue,Female,118601,28/10/1989,35,Australia,8,07/08/2013,3,AUD,09/03/2019
364,Phillipp,Jakubovski,Female,126105,13/08/1983,17,Denmark,1,04/06/2013,13,AUD,06/09/2020
365,Tracey,Braddock,Male,100307,28/10/1990,58,Brazil,17,26/10/2010,1,AUD,15/07/2020
366,Elenore,Copas,Female,72713,17/10/1987,15,Canada,17,12/05/2012,2,AUD,13/05/2020
367,Cristi,Caveill,Female,74092,02/08/1991,8,USA,7,19/10/2017,9,INR,18/04/2018
368,Issi,Scopham,Female,103392,27/08/1990,26,USA,13,05/03/2017,13,AUD,03/07/2020
369,Sanderson,Cammoile,Male,115542,18/10/1992,48,USA,13,30/05/2013,1,INR,08/08/2020
370,Bobbie,Ferrillo,Female,103798,14/12/1985,47,Denmark,1,16/07/2017,17,AUD,21/08/2018
371,Wilfred,Filipponi,Male,93235,11/07/1987,17,Japan,8,14/12/2015,16,INR,07/06/2020
372,Laird,Moorwood,Male,63201,24/02/1992,5,Germany,4,05/03/2017,1,AUD,02/01/2020
373,Roberto,Hayfield,Male,83738,26/04/1985,16,Denmark,5,26/05/2016,1,AUD,24/03/2020
374,Aksel,Simkin,Female,121700,24/12/1986,2,Brazil,1,12/04/2014,6,AUD,06/08/2019
375,Cammy,Faustian,Male,77349,14/09/1986,15,Germany,16,03/04/2012,13,AUD,17/09/2020
376,Evin,Mance,Male,101232,06/01/1988,39,Australia,3,24/06/2011,19,AUD,29/05/2020
377,Mandie,MacMenamie,Female,126940,26/10/1983,28,Brazil,14,16/01/2011,13,INR,08/04/2018
378,Nikita,Seeds,Male,63548,02/11/1988,27,Canada,17,29/04/2013,2,INR,05/09/2020
379,Teresa,Northway,Male,86884,04/10/1983,30,Brazil,16,31/05/2014,17,AUD,16/08/2019
380,Vidovik,Sine,Male,109514,08/12/1984,9,Sweden,19,10/11/2017,1,AUD,13/03/2018
381,York,Sorsby,Female,98515,23/08/1982,-18,China,5,15/10/2012,10,AUD,06/08/2018
382,Riki,Matousek,Male,77275,15/03/1985,0,UAE,17,29/09/2010,3,AUD,14/10/2020
383,Kimmie,Bahl,Female,71719,10/02/1984,-1,Sweden,9,17/11/2013,15,AUD,11/12/2018
384,Roberto,Revey,Male,60185,09/04/1981,11,Canada,8,03/02/2011,16,INR,28/05/2018
385,Sidoney,Wakeham,Male,128899,29/07/1982,3,Germany,10,06/03/2017,14,INR,13/03/2020
386,Boony,Double,Male,78954,24/04/1988,27,Germany,17,10/08/2015,6,INR,08/05/2019
387,Lek,Trenfield,Female,123712,29/07/1988,23,UAE,7,25/09/2016,19,INR,02/07/2019
388,Jermain,Laugheran,Female,78034,23/12/1990,3,China,8,29/11/2010,15,AUD,22/06/2019
389,Joaquin,Priddis,Female,72826,17/12/1990,46,Denmark,19,12/09/2017,14,AUD,12/11/2020
390,Charla,Batham,Male,82976,01/04/1989,20,Japan,1,17/05/2017,1,INR,21/07/2019
391,Kaspar,Sever,Female,80400,17/02/1981,7,Denmark,16,12/08/2011,11,INR,28/06/2019
392,Leia,Neaverson,Male,74170,03/09/1987,58,China,11,02/05/2013,16,AUD,05/10/2020
393,Rorke,Ogdahl,Female,85594,28/07/1981,22,Japan,18,31/12/2014,12,INR,09/09/2020
394,Eugenius,Reddyhoff,Female,105000,01/10/1981,12,Australia,18,18/06/2012,5,INR,13/07/2018
395,Nicholle,Wilbraham,Male,82266,01/08/1984,6,Brazil,13,21/10/2010,3,INR,21/01/2018
396,Aubree,Hischke,Male,114635,15/11/1989,30,Sweden,2,28/06/2012,16,INR,13/11/2020
397,Carroll,Manjin,Male,62667,25/11/1987,36,Canada,11,25/05/2015,20,INR,14/06/2020
398,Kitti,Mingasson,Male,98576,26/04/1985,1,USA,14,19/02/2016,1,INR,17/11/2020
399,Cathrin,Minards,Female,102628,09/01/1982,-15,Sweden,8,15/02/2017,10,AUD,07/01/2018
400,Peder,Flament,Female,73766,12/01/1980,33,Germany,20,04/05/2012,5,AUD,15/10/2019
401,Analise,Hannam,Male,60615,18/08/1984,29,Denmark,9,07/04/2018,13,AUD,28/08/2020
402,Berkeley,Keightley,Female,105015,05/11/1992,18,Sweden,17,21/05/2017,19,INR,01/12/2018
403,Hubie,Grimbleby,Female,71948,12/03/1992,-5,Brazil,13,16/07/2011,2,INR,18/04/2019
404,Dawna,Keuntje,Female,105088,26/12/1992,10,Japan,15,07/05/2014,4,INR,02/06/2020
405,Artemas,Haffenden,Male,116534,10/02/1985,13,China,12,20/10/2013,13,AUD,05/04/2020
406,Raynard,Huson,Female,90513,12/06/1992,54,Germany,4,15/11/2015,10,AUD,23/05/2020
407,Micki,Simeoli,Female,61131,07/08/1987,29,Canada,20,12/02/2011,8,INR,09/03/2019
408,Donavon,Burston,Male,103595,08/02/1986,9,Sweden,15,10/10/2010,8,INR,21/05/2018
409,Ranique,Linstead,Male,101700,13/11/1992,4,Sweden,7,11/08/2017,11,AUD,02/01/2021
410,Sybille,Clausner,Male,74256,01/05/1981,-12,China,13,13/09/2014,18,INR,17/11/2018
411,Gertie,Staniford,Female,97417,29/03/1992,30,USA,15,14/12/2017,3,AUD,21/04/2019
412,Cecily,Mallender,Male,103343,07/11/1985,-4,Canada,7,27/09/2012,1,INR,21/12/2018
413,Elbertina,Ravenshaw,Female,73936,20/08/1986,10,China,14,05/05/2015,7,INR,21/01/2018
414,Ag,Matyashev,Male,83042,23/05/1987,18,USA,8,26/01/2018,9,AUD,12/05/2018
415,Dougie,Collerd,Female,124394,01/01/1990,-3,Germany,19,14/08/2015,9,INR,21/01/2020
416,Diann,Crevy,Male,103110,07/06/1984,36,Brazil,4,27/02/2015,3,AUD,18/09/2019
417,Alisha,Harbinson,Male,108681,22/06/1990,-4,Japan,7,11/02/2016,5,AUD,20/02/2018
418,Rosaleen,Jurasek,Female,109376,15/04/1986,19,China,19,29/11/2015,6,AUD,16/12/2020
419,Tonya,Kuhnwald,Male,112692,19/12/1991,26,Canada,1,02/04/2016,5,INR,08/05/2020
420,Prudence,Beardshaw,Male,122108,09/08/1984,18,Denmark,19,01/01/2018,9,AUD,14/10/2020
421,De witt,Swatheridge,Female,78036,20/05/1986,20,Canada,6,22/07/2012,16,INR,19/08/2020
422,Evelyn,Orknay,Female,110434,10/01/1981,-14,UAE,9,13/09/2013,7,INR,30/09/2018
423,Titos,Whatham,Male,125886,02/01/1992,-14,Denmark,12,22/09/2012,3,AUD,02/11/2018
424,Schuyler,Kelleher,Male,100784,16/12/1992,-9,Brazil,1,10/03/2016,17,AUD,10/08/2018
425,Kendal,Piens,Female,107157,08/05/1986,26,Germany,19,17/02/2011,17,INR,03/10/2019
426,Tressa,O'Hallihane,Female,126669,23/06/1983,42,Australia,14,16/01/2018,16,INR,06/11/2020
427,Isaiah,Wodham,Female,95947,11/02/1981,4,Canada,1,23/02/2018,11,AUD,12/06/2018
428,Yale,Fasset,Male,68970,29/04/1986,18,USA,3,30/12/2011,19,AUD,29/02/2020
429,Cleopatra,Cotterel,Male,125435,01/06/1983,57,Canada,19,17/06/2013,12,INR,26/11/2019
430,Mario,Daltrey,Female,95240,19/06/1980,-12,USA,5,12/10/2018,11,INR,02/07/2019
431,Farand,Levesque,Male,79377,30/06/1988,9,Brazil,11,23/06/2011,8,INR,14/04/2018
432,Cosette,Pavlitschek,Male,118138,30/10/1981,-14,Denmark,20,12/08/2017,12,AUD,07/08/2018
433,Garreth,Garratty,Female,103842,08/06/1981,-7,UAE,9,19/12/2011,14,AUD,03/01/2018
434,Malchy,Cahani,Female,100171,29/05/1981,-16,China,17,11/11/2013,9,AUD,20/05/2018
435,Brit,Aarons,Male,86836,15/04/1983,24,India,2,05/02/2010,1,INR,27/02/2020
436,Rockie,Toomey,Female,127790,26/07/1987,60,Sweden,6,05/11/2014,6,AUD,26/09/2019
437,Jada,Goskar,Female,108988,11/02/1990,33,USA,4,22/04/2016,6,AUD,07/07/2019
438,Auroora,Dunk,Male,83805,09/04/1988,10,Japan,9,22/09/2011,16,INR,25/01/2020
439,Bayard,Simeons,Male,83320,22/07/1987,2,Denmark,14,06/10/2017,12,AUD,17/04/2020
440,Paloma,Dodswell,Female,64783,03/02/1991,7,China,15,19/06/2013,17,INR,14/01/2018
441,Emmalynne,Antyshev,Female,64480,29/02/1992,60,China,5,06/04/2014,6,INR,25/07/2020
442,Rex,Laxton,Male,110859,17/02/1985,55,Denmark,8,20/03/2014,15,INR,19/02/2019
443,Algernon,Constantine,Female,70431,20/09/1986,53,Canada,4,19/09/2011,6,INR,20/05/2019
444,Jaymee,Palser,Male,101182,28/04/1985,41,UAE,20,14/07/2017,3,INR,30/10/2018
445,Dusty,Escoffier,Male,108717,30/07/1981,56,Sweden,10,07/01/2018,7,AUD,28/05/2020
446,Fifine,Inett,Male,127409,11/02/1981,7,China,12,16/11/2017,7,AUD,23/02/2019
447,Claudia,Pennoni,Male,95627,28/02/1981,22,Australia,11,12/06/2016,2,AUD,29/12/2020
448,Annie,Ghest,Male,81866,28/02/1987,-18,Sweden,14,12/12/2017,12,INR,06/10/2018
449,Kendre,Koppelmann,Male,127857,27/08/1989,-14,China,3,13/08/2013,5,INR,09/05/2019
450,Farleigh,Ramelot,Female,62151,16/11/1987,49,Sweden,7,18/05/2015,2,AUD,04/11/2019
451,Rebekkah,Pennyman,Female,114313,17/07/1986,57,UAE,11,22/01/2016,14,AUD,27/12/2020
452,Stephi,MacAlpine,Female,110188,29/07/1980,-13,Japan,1,15/02/2018,19,AUD,06/10/2020
453,Dale,Casse,Male,114192,12/05/1981,15,USA,11,28/10/2014,10,AUD,10/01/2018
454,Mareah,Braunds,Male,80309,03/05/1980,-15,USA,11,22/05/2018,2,AUD,22/12/2019
455,Ninnetta,Beatson,Male,94201,04/07/1981,59,UAE,10,06/09/2011,4,AUD,09/03/2020
456,Lilli,Kleinfeld,Female,79649,09/01/1980,25,Canada,8,28/11/2012,4,AUD,19/06/2019
457,Lotty,McQuorkel,Female,69442,22/07/1983,24,Denmark,1,11/07/2017,8,AUD,05/12/2020
458,Lynsey,Chidwick,Female,72897,30/11/1988,37,China,12,02/01/2019,17,INR,10/01/2019
459,Jennilee,Sprake,Male,89101,05/02/1984,24,UAE,4,27/11/2010,16,INR,04/04/2019
460,Ofella,Quare,Male,92497,09/05/1982,-15,Brazil,4,18/12/2016,17,INR,10/05/2019
461,Kendricks,Creamer,Female,103758,22/11/1990,22,China,20,25/05/2015,2,AUD,21/11/2018
462,Emmit,Jack,Female,68204,25/09/1992,10,Brazil,14,10/06/2010,15,INR,23/09/2019
463,Aimil,Vannoni,Female,102122,06/06/1982,-13,India,13,23/05/2014,5,AUD,27/02/2019
464,Mel,Riccioppo,Male,116208,31/07/1988,-9,China,9,23/12/2010,18,INR,24/08/2018
465,Wilmar,Prazer,Male,98958,09/11/1992,-17,Canada,20,16/01/2014,12,INR,11/05/2020
466,Sinclair,Handover,Male,63680,17/09/1991,19,China,20,19/08/2012,2,INR,13/06/2019
467,Denys,Batteson,Female,113035,19/05/1986,-10,Denmark,5,07/09/2018,14,AUD,21/04/2020
468,Raynell,Schofield,Female,66292,12/01/1986,18,Australia,20,24/12/2015,11,AUD,31/03/2019
469,Koren,Corballis,Female,83680,24/12/1986,45,China,15,07/11/2012,9,INR,22/06/2020
470,Gilligan,Yarnell,Male,117806,09/03/1990,53,Germany,16,26/09/2017,19,AUD,18/10/2019
471,Valli,Mablestone,Male,108571,07/02/1983,21,Brazil,19,11/05/2017,15,AUD,18/03/2020
472,Wadsworth,Tschierasche,Male,76325,27/02/1984,59,Canada,11,14/08/2017,3,INR,10/06/2020
473,Ferris,Warner,Male,72673,30/06/1991,-10,Brazil,14,29/07/2018,10,AUD,02/10/2019
474,Will,Golding,Male,67265,16/07/1985,8,China,14,19/03/2014,15,INR,02/02/2018
475,Nadean,Anneslie,Female,119494,27/11/1987,32,UAE,14,24/07/2011,13,INR,12/10/2019
476,Del,Trew,Male,112000,08/07/1989,59,Sweden,10,03/06/2018,14,INR,15/07/2019
477,Findlay,Spraging,Female,73354,21/12/1985,-13,India,2,05/10/2017,20,AUD,08/08/2020
478,Jemmie,Feehery,Female,80584,23/07/1989,53,UAE,15,10/12/2010,12,INR,20/10/2020
479,Josefa,Hancill,Male,62605,30/04/1987,3,Australia,5,15/08/2010,1,INR,21/07/2019
480,Klarrisa,Buckthought,Female,78688,02/12/1984,53,Denmark,12,13/06/2015,18,INR,12/08/2020
481,Orbadiah,Crowley,Female,81004,24/11/1986,12,India,12,14/04/2016,3,AUD,26/11/2018
482,Leoline,Nangle,Male,115654,18/09/1983,41,UAE,8,07/03/2012,4,AUD,02/04/2020
483,Audra,Soper,Female,125259,13/06/1989,-5,Denmark,17,19/08/2018,9,AUD,11/03/2019
484,Meggi,McNess,Male,102068,05/08/1985,27,India,11,23/10/2016,20,INR,23/01/2019
485,Hollyanne,Drable,Female,101215,22/03/1980,55,Australia,1,16/06/2014,10,AUD,04/01/2019
486,Hestia,Pollitt,Male,79115,04/04/1990,9,Sweden,3,26/01/2012,20,INR,07/01/2018
487,Darcey,Dearman,Male,115851,19/09/1983,51,Canada,7,25/12/2012,17,INR,07/08/2018
488,Darby,Ahrenius,Female,81350,10/11/1990,47,Denmark,9,06/09/2012,15,INR,29/06/2020
489,Barbabas,Gresty,Female,108198,14/01/1987,35,India,20,31/08/2014,20,INR,17/07/2019
490,Mord,Glowach,Male,74509,28/04/1986,38,USA,5,22/09/2016,1,AUD,26/03/2020
491,Madelle,Ridhole,Female,92156,14/07/1984,6,China,16,15/08/2017,4,AUD,28/05/2020
492,Trip,Kingsnoad,Male,75462,25/04/1982,8,Australia,2,03/08/2014,8,INR,10/02/2020
493,Wren,Bridell,Male,65458,03/04/1980,-18,Japan,16,15/07/2012,11,INR,22/06/2019
494,Joell,Gossage,Male,67665,07/01/1983,44,China,4,19/03/2015,16,INR,30/03/2019
495,Lauren,McNulty,Female,80186,29/01/1986,-12,Japan,7,01/09/2012,17,INR,01/08/2020
496,Willy,Excell,Male,77284,25/08/1988,24,India,18,27/06/2010,10,INR,21/08/2020
497,Base,Skinley,Male,120636,12/06/1983,58,Japan,18,10/04/2010,5,AUD,21/08/2020
498,Robinett,Caghan,Female,99042,20/03/1980,25,Canada,3,03/01/2018,20,AUD,07/05/2018
499,Jinny,Pesek,Female,127884,02/05/1983,36,Canada,14,02/01/2016,12,INR,04/06/2020
500,Gabrila,Chin,Male,79026,15/02/1992,60,Brazil,18,18/07/2018,13,INR,07/10/2019
501,Bobby,Armour,Male,88425,22/12/1988,24,Canada,9,07/05/2015,9,AUD,15/10/2018
502,Bobbee,Apps,Male,95164,14/03/1991,-11,Denmark,4,23/07/2011,11,INR,06/05/2018
503,Maryjo,Heathcott,Female,75367,13/11/1988,-8,Denmark,12,12/10/2017,13,AUD,03/01/2020
504,Maxim,Pikett,Female,103854,13/05/1990,42,Australia,16,29/04/2015,6,AUD,18/01/2018
505,Natividad,Jerrams,Male,74890,24/01/1984,11,Denmark,2,08/11/2012,7,INR,19/06/2018
506,Fanchette,Jolliman,Male,64364,05/03/1985,35,Denmark,15,06/01/2010,20,INR,15/02/2019
507,Jobi,Curgenuer,Female,83223,25/07/1983,-15,Germany,7,27/05/2010,9,AUD,26/05/2020
508,Bambie,Quogan,Male,71429,17/11/1985,-4,China,15,11/01/2013,10,AUD,28/12/2020
509,Albie,Compston,Female,64438,28/05/1987,-12,Canada,18,07/03/2014,16,AUD,11/09/2019
510,Anabal,Panniers,Male,121136,27/02/1990,26,Brazil,13,28/02/2013,11,INR,07/11/2019
511,Ashley,Shapera,Male,124273,09/04/1983,32,Australia,3,22/05/2015,16,AUD,18/09/2020
512,Jens,Allsepp,Female,76152,08/06/1986,17,Canada,4,06/02/2017,5,INR,26/08/2018
513,Terrel,Tuvey,Female,65427,21/06/1985,-11,Brazil,20,30/09/2016,17,INR,22/08/2020
514,Jobey,Brady,Male,122105,29/12/1992,3,Brazil,3,01/11/2012,18,INR,25/01/2020
515,Edgardo,Casin,Male,126864,23/10/1986,45,Brazil,5,04/03/2016,7,AUD,28/02/2019
516,Quent,Inkles,Female,122134,09/11/1981,30,Brazil,12,01/01/2010,12,AUD,19/07/2020
517,Celestina,Jurs,Female,110116,20/01/1986,9,Germany,12,23/01/2017,19,INR,22/03/2019
518,Erma,Rape,Male,71784,06/12/1990,-11,UAE,17,24/09/2010,2,AUD,08/12/2019
519,Arlina,Fairchild,Female,94592,06/02/1985,31,Australia,17,25/08/2013,9,INR,19/12/2019
520,Deny,Dodswell,Male,84830,21/10/1986,25,Denmark,2,06/10/2011,19,INR,04/08/2020
521,Antone,Breese,Male,86807,02/06/1982,27,Brazil,8,28/06/2011,13,INR,23/03/2020
522,Savina,Sivess,Female,110394,24/03/1989,-6,Canada,18,24/04/2010,6,INR,21/04/2018
523,Annelise,Tolland,Female,78903,10/09/1991,27,China,2,28/05/2011,1,AUD,09/09/2019
524,Gennifer,Bosman,Female,62047,28/05/1988,26,Germany,20,10/06/2013,12,AUD,07/04/2020
525,Rois,Gerhold,Male,79728,21/05/1982,56,Japan,12,08/08/2013,11,AUD,13/04/2019
526,Saul,Rouzet,Female,105412,25/07/1983,2,Denmark,18,25/12/2010,10,AUD,08/08/2020
527,Corie,Chalcot,Female,108590,22/11/1989,-3,Germany,13,21/03/2018,17,AUD,18/12/2019
528,Elizabeth,Hillburn,Male,71881,14/10/1986,51,USA,19,23/03/2011,1,INR,24/02/2020
529,Kennedy,Sprionghall,Male,108984,13/06/1980,35,China,15,03/02/2010,14,AUD,20/11/2018
530,Mendie,Dyas,Male,81433,11/11/1980,-16,India,6,12/11/2011,15,INR,15/07/2018
531,Cesare,Tembridge,Female,122061,14/01/1984,12,Germany,15,17/12/2018,16,INR,09/08/2020
532,Laurene,Mastrantone,Male,93791,14/09/1990,32,India,11,22/08/2017,7,AUD,09/01/2020
533,Friedrick,Dudenie,Male,62176,21/11/1989,21,Germany,16,22/12/2010,9,INR,24/06/2020
534,Kacy,Knottley,Male,113097,10/02/1980,6,UAE,1,01/06/2015,2,AUD,20/04/2018
535,Christopher,Robinet,Male,63094,16/05/1988,55,UAE,18,20/09/2012,11,AUD,30/10/2019
536,Tore,Cumber,Male,96378,22/09/1990,-1,Canada,1,13/10/2018,15,AUD,10/11/2020
537,Benedicta,Haine,Female,74964,27/08/1985,-13,Canada,1,17/12/2018,6,AUD,19/04/2018
538,Padgett,Skillern,Female,69623,15/04/1991,59,India,1,19/10/2014,3,AUD,14/06/2019
539,Liuka,Janman,Female,80222,22/06/1988,18,UAE,1,26/02/2014,5,AUD,08/08/2019
540,Isabelita,Engel,Male,102997,23/10/1989,21,UAE,2,09/05/2014,14,INR,28/09/2019
541,Michele,Dallmann,Male,61453,14/03/1988,-7,India,14,08/02/2014,2,INR,28/09/2020
542,Sigfried,Laflin,Male,60823,11/05/1983,17,Canada,13,26/11/2015,1,INR,06/10/2018
543,Annelise,Forryan,Female,96390,17/09/1980,46,UAE,14,21/04/2018,5,INR,02/03/2019
544,Koo,Lysaght,Female,97454,17/05/1981,43,USA,5,27/12/2014,9,AUD,16/07/2020
545,Clementia,Elmes,Male,76063,01/05/1985,10,India,16,12/01/2012,5,AUD,26/04/2019
546,Orly,Moody,Female,62151,20/08/1983,53,China,6,24/10/2017,15,AUD,29/01/2019
547,Lyndy,Walkingshaw,Female,122336,28/08/1983,-5,UAE,15,27/04/2013,11,AUD,29/06/2020
548,Abbi,Hatwell,Male,78855,13/08/1989,37,Japan,14,17/08/2012,11,AUD,11/03/2019
549,Lisetta,Finicj,Male,118192,24/05/1983,7,UAE,7,19/01/2012,10,AUD,19/02/2018
550,Niki,D'Alesio,Male,108928,04/09/1986,44,Australia,2,06/03/2015,1,INR,22/11/2019
551,Jerald,Frankling,Female,122737,27/12/1981,10,China,17,27/10/2011,17,AUD,19/07/2019
552,Shauna,Nanetti,Female,120903,14/06/1990,-5,Sweden,5,04/01/2011,9,INR,06/07/2020
553,Giacomo,Pechard,Male,77761,15/01/1988,8,UAE,12,04/04/2014,20,AUD,29/10/2020
554,Tommi,Norval,Female,81228,20/12/1981,33,Denmark,18,22/09/2018,20,INR,02/09/2020
555,Joletta,Corr,Female,113075,06/11/1984,53,Germany,16,14/12/2018,13,INR,05/12/2020
556,Cyb,Trassler,Female,117925,04/02/1989,42,China,3,15/02/2011,2,INR,18/09/2020
557,Codi,Chipman,Female,118953,12/12/1983,-10,Brazil,10,22/05/2011,17,AUD,27/05/2020
558,Muriel,Cahey,Male,60369,18/03/1981,-10,UAE,17,23/12/2011,6,INR,08/08/2019
559,Dion,Royce,Female,69971,16/12/1986,2,Denmark,13,28/10/2010,11,AUD,17/05/2018
560,Bondy,Hewes,Female,129536,15/02/1984,8,UAE,1,01/07/2015,19,INR,28/05/2020
561,Alie,Ridge,Male,76967,09/06/1989,17,India,1,25/03/2016,20,INR,09/08/2018
562,Riccardo,Heibl,Female,88242,18/02/1982,8,China,13,24/05/2015,6,INR,04/07/2018
563,Moss,Di Francecshi,Female,101702,26/10/1991,43,Sweden,10,30/06/2017,11,INR,10/10/2020
564,Jeffy,Skermer,Male,118802,14/04/1985,51,Brazil,3,27/11/2010,8,AUD,05/08/2018
565,Peria,Anney,Female,93999,22/11/1982,24,Canada,13,17/12/2017,7,INR,12/10/2019
566,Pen,Dunnet,Female,71319,06/01/1992,59,India,18,03/05/2014,18,INR,19/02/2018
567,Hillard,Lohoar,Male,107772,04/12/1990,45,Canada,16,22/08/2017,20,INR,26/03/2018
568,Mandie,Skeermor,Female,85872,11/02/1982,6,India,11,25/09/2014,1,AUD,05/06/2020
569,Dela,Petti,Female,61710,14/09/1990,-12,USA,16,01/03/2017,12,AUD,05/02/2018
570,Mercy,Boule,Female,68197,23/09/1992,60,India,5,09/05/2012,4,AUD,19/04/2018
571,Patton,Clench,Female,76936,22/05/1986,11,China,4,27/02/2012,12,AUD,06/03/2020
572,Bertrand,Conneau,Male,74354,01/08/1985,-17,UAE,15,28/07/2011,18,AUD,08/10/2020
573,Holt,Heads,Male,121165,31/01/1982,40,Denmark,3,25/05/2012,15,AUD,09/10/2020
574,Damita,Lyster,Female,117318,07/04/1983,25,Sweden,16,16/04/2014,14,AUD,08/06/2019
575,Dex,Allon,Male,121650,24/06/1985,54,Australia,5,08/12/2010,10,INR,17/12/2019
576,Ernst,Steinson,Male,84038,23/08/1983,16,USA,9,04/06/2015,6,AUD,10/09/2018
577,Urbanus,Hallworth,Female,94051,22/12/1990,47,Japan,13,28/11/2018,12,INR,30/12/2019
578,Padraic,Kahler,Male,116642,25/05/1981,11,Canada,13,14/08/2012,7,AUD,15/02/2020
579,Michaeline,Motto,Female,94576,17/08/1987,25,Brazil,5,10/06/2013,20,INR,03/08/2019
580,Queenie,France,Female,103631,01/02/1985,32,India,20,24/01/2012,1,AUD,21/05/2018
581,Corabella,Pack,Male,61828,23/08/1991,21,Australia,15,04/04/2010,8,AUD,01/02/2018
582,Daffi,Proudley,Male,104620,16/08/1981,54,Canada,17,06/04/2017,6,INR,14/08/2019
583,Hakim,Goady,Male,69990,15/02/1981,44,Australia,15,19/01/2010,17,INR,08/07/2019
584,Hermann,Acreman,Female,64612,24/10/1987,38,Germany,2,08/01/2018,14,AUD,06/09/2019
585,Zea,Furphy,Male,72078,10/04/1984,27,Australia,9,07/10/2018,7,AUD,08/01/2020
586,Karoly,Cutajar,Male,97367,24/07/1984,27,China,6,23/01/2017,19,INR,05/02/2018
587,Ruby,Pods,Female,95358,19/05/1981,13,Brazil,20,03/06/2015,15,INR,29/08/2019
588,Ninon,O'Carney,Female,103282,25/03/1992,5,USA,8,02/03/2011,17,AUD,04/05/2018
589,Marcy,Cormode,Male,75738,28/03/1991,31,UAE,13,16/08/2017,19,AUD,04/04/2020
590,Lavinie,Bisatt,Female,85908,05/02/1991,18,Canada,1,27/10/2014,11,AUD,24/12/2018
591,Selig,Bradnock,Male,107284,27/06/1991,22,Germany,16,24/04/2013,7,AUD,06/01/2018
592,Ralina,Kunath,Male,117094,27/10/1985,60,Japan,18,02/07/2017,11,INR,14/12/2020
593,Junette,Rue,Male,90703,16/06/1985,-1,China,7,12/09/2014,1,AUD,29/06/2020
594,Sinclair,Kiessel,Female,73834,08/03/1982,-12,Denmark,14,08/02/2018,16,INR,03/01/2019
595,Tracy,Coxall,Female,128579,11/07/1982,60,China,12,27/02/2017,1,AUD,21/11/2018
596,Ephrem,Vedyasov,Male,92305,08/10/1982,1,Sweden,13,16/12/2014,7,AUD,24/11/2020
597,Krissy,Schruyers,Male,116605,29/01/1987,45,Australia,19,07/02/2017,2,AUD,06/09/2019
598,Neala,Hillock,Male,93501,10/12/1983,-5,Brazil,18,12/08/2015,17,INR,05/12/2020
599,Teresina,Antonat,Male,103238,24/07/1986,10,Japan,16,05/08/2011,11,AUD,26/01/2019
600,Judi,Couvert,Male,61771,10/10/1991,12,USA,12,07/02/2014,7,INR,09/03/2018
601,Kendre,Gilchrest,Male,101722,19/11/1987,12,Japan,4,30/04/2015,13,INR,21/09/2020
602,Rosabelle,Adran,Male,76918,09/10/1980,47,China,1,22/05/2012,8,AUD,22/06/2019
603,Gaylor,Cooch,Male,117626,25/05/1988,30,USA,15,28/04/2013,16,INR,15/08/2018
604,Hale,Avieson,Female,92056,04/01/1984,10,Brazil,11,12/11/2015,10,INR,23/03/2019
605,Shepperd,Fulbrook,Female,90071,12/08/1988,-11,China,1,23/03/2015,12,INR,09/05/2020
606,Jodee,Rubinowicz,Female,100570,12/11/1983,52,Germany,16,01/11/2015,9,AUD,10/03/2019
607,Blayne,Davana,Female,70842,27/04/1985,-15,Canada,17,26/05/2014,4,INR,09/10/2018
608,Darcy,Skuce,Female,84349,10/08/1984,4,Australia,13,24/01/2012,7,AUD,01/12/2018
609,Kerwinn,Gosdin,Female,117298,09/07/1992,54,UAE,7,15/11/2011,3,INR,28/05/2020
610,Cleopatra,Tummond,Female,87341,23/06/1991,20,Australia,16,08/08/2010,9,INR,11/05/2018
611,Freddi,Scanderet,Male,98310,16/09/1983,47,Sweden,16,07/06/2011,12,AUD,25/01/2018
612,Lyn,Fust,Male,63556,03/10/1985,0,Japan,3,23/06/2013,6,AUD,25/06/2020
613,Gradeigh,Mephan,Female,118012,12/12/1991,14,Canada,7,18/11/2010,7,INR,07/09/2020
614,Cherlyn,Winnister,Female,94314,23/02/1980,26,Japan,10,20/02/2010,10,INR,03/05/2018
615,Griff,Coleiro,Male,126231,02/12/1982,6,Denmark,10,02/04/2015,18,INR,20/06/2019
616,Georgie,Johnigan,Female,87034,14/12/1989,60,Canada,6,07/11/2017,11,AUD,15/06/2020
617,Malvina,Biddles,Female,76651,06/10/1982,60,Denmark,8,30/04/2013,7,AUD,19/08/2018
618,Lorrayne,Hiers,Male,105515,21/03/1987,41,China,4,13/11/2014,19,AUD,09/03/2019
619,Wernher,Bozward,Female,89600,26/06/1992,32,Germany,3,03/12/2017,11,AUD,21/11/2020
620,Myranda,Lorryman,Male,63833,07/03/1988,26,Sweden,20,16/08/2015,7,AUD,16/02/2019
621,Catarina,Burston,Female,124853,07/01/1986,11,Australia,8,26/11/2014,18,INR,18/11/2019
622,Holly-anne,Forde,Male,77578,08/05/1982,16,Australia,1,18/07/2018,16,INR,16/03/2020
623,Ermanno,Devine,Male,113692,09/09/1988,28,USA,2,21/10/2017,20,AUD,17/02/2019
624,Rudd,Garci,Male,78144,03/06/1982,39,India,19,02/09/2013,1,INR,25/10/2018
625,Natassia,Petrescu,Female,110685,13/07/1986,-13,UAE,2,25/01/2012,18,AUD,14/06/2019
626,Skippy,Gouldthorpe,Male,76548,10/01/1982,59,Brazil,16,10/10/2018,14,AUD,07/08/2019
627,Nedi,Welbrock,Male,121586,19/05/1985,2,India,16,21/04/2010,19,INR,28/02/2019
628,Frank,Schuck,Male,63495,23/09/1981,8,Canada,13,13/05/2011,17,AUD,29/02/2020
629,Mort,Germann,Female,104976,25/03/1985,24,Sweden,4,28/02/2011,2,AUD,27/08/2019
630,Lawrence,Moodie,Male,73100,20/08/1986,60,China,6,29/07/2014,19,INR,07/01/2018
631,Barde,Dugood,Male,75993,12/05/1988,23,Canada,3,03/09/2018,19,AUD,11/09/2019
632,Sondra,Katte,Female,115908,04/04/1987,6,India,2,02/01/2018,17,INR,26/05/2018
633,Odette,Fewster,Male,124212,29/12/1987,42,China,14,15/05/2018,7,AUD,29/10/2019
634,Barbara-anne,Rodrigues,Male,72758,19/08/1980,54,Denmark,15,02/02/2017,20,INR,08/04/2019
635,Archibaldo,Usborn,Male,106577,29/09/1982,-4,Sweden,19,23/07/2011,16,AUD,15/09/2019
636,Nicoli,Nolda,Female,69110,26/02/1982,60,UAE,5,30/10/2016,3,AUD,12/12/2019
637,Sidonnie,Pozzo,Female,84004,14/11/1980,-10,Germany,11,13/03/2014,11,AUD,03/02/2019
638,Rachele,Diche,Female,68257,03/11/1983,1,China,12,08/01/2013,5,INR,13/08/2019
639,Pavia,Lovering,Female,78393,11/01/1983,-1,Brazil,17,24/12/2013,7,INR,21/09/2018
640,Pavel,Muglestone,Female,80235,26/01/1992,60,Denmark,18,02/07/2014,7,INR,26/11/2018
641,Amelita,Hanner,Male,66986,03/01/1980,8,Canada,4,06/03/2015,13,INR,07/04/2018
642,Greg,Upward,Male,80058,13/01/1980,38,USA,18,16/10/2015,8,AUD,06/08/2019
643,Scarlet,Kollaschek,Male,72162,17/11/1981,15,China,7,11/01/2010,6,INR,30/01/2018
644,Cori,Balshaw,Female,92420,10/08/1986,-9,Canada,12,01/01/2018,12,AUD,18/02/2018
645,Drucy,Ancell,Male,95793,28/09/1985,18,USA,9,14/03/2016,11,INR,27/03/2020
646,Cary,Georgeou,Female,110422,18/01/1987,-5,Canada,1,24/10/2017,15,INR,13/08/2019
647,Reyna,Janecek,Female,83847,09/11/1985,18,Australia,20,21/06/2013,14,INR,14/11/2018
648,Ignace,Ramlot,Female,115650,19/12/1982,39,China,14,02/12/2011,18,AUD,12/11/2018
649,Pippo,Jordanson,Female,114697,16/03/1982,30,Canada,14,14/02/2016,4,AUD,10/04/2020
650,Briggs,Edgerton,Male,120778,08/01/1983,7,UAE,11,22/12/2011,4,INR,16/04/2018
651,Pearle,Tolossi,Male,60641,18/04/1987,28,USA,14,19/11/2012,13,AUD,18/02/2019
652,Jodi,McBrady,Female,83591,05/02/1982,-10,Germany,2,13/09/2016,13,INR,08/06/2019
653,Dannel,Giacomozzo,Male,120141,16/05/1992,-5,Sweden,19,18/01/2012,12,AUD,30/06/2020
654,Charlie,Freed,Male,76577,01/03/1988,19,Japan,18,22/10/2012,6,AUD,26/02/2020
655,Barnaby,McIlvenny,Female,114351,05/07/1985,-16,India,5,19/01/2013,11,INR,21/12/2020
656,Mikey,Torra,Male,113688,23/05/1990,52,Japan,1,10/09/2017,8,AUD,29/03/2018
657,Petr,Bernardot,Male,108842,25/10/1987,11,UAE,9,10/09/2013,7,INR,04/04/2020
658,Fionnula,Mayston,Female,72430,11/07/1986,-7,Brazil,11,11/09/2018,12,AUD,25/05/2018
659,Alanna,Kulicke,Male,112579,07/10/1983,44,Japan,16,30/06/2010,4,AUD,05/01/2019
660,Danya,Blakiston,Male,86024,20/09/1987,43,Denmark,1,15/02/2017,11,INR,24/08/2018
661,Debor,Measom,Female,121903,20/10/1989,53,Japan,14,25/06/2010,11,AUD,05/07/2018
662,Sigmund,Godball,Male,104001,24/05/1992,38,USA,18,19/06/2012,8,AUD,03/07/2018
663,Camel,Burhouse,Male,127644,07/02/1984,20,Australia,5,17/01/2012,15,AUD,15/08/2019
664,Arlen,Wiffill,Male,128821,23/09/1989,-4,Japan,15,29/10/2014,11,INR,23/08/2019
665,Grange,Jankiewicz,Female,87822,12/04/1989,2,Brazil,8,22/08/2017,3,INR,25/11/2019
666,Jeremiah,Danilewicz,Female,75363,15/09/1980,-3,Brazil,10,19/09/2011,7,INR,24/01/2020
667,Rollins,Werendell,Female,122295,01/11/1980,-16,China,3,30/06/2013,13,AUD,08/11/2019
668,Pearline,Pensom,Female,120374,30/07/1981,-15,India,8,27/10/2013,5,AUD,01/09/2018
669,Whitaker,Morgue,Male,90753,19/01/1987,-7,Australia,7,25/01/2013,14,AUD,13/01/2018
670,Red,Dict,Male,61624,13/04/1982,55,India,4,27/12/2016,18,AUD,03/01/2020
671,Fons,Lackner,Female,118534,07/03/1990,-18,Canada,19,21/09/2014,18,INR,18/05/2018
672,Ronna,Rodger,Male,110317,06/04/1991,-10,Brazil,14,07/10/2010,16,AUD,11/06/2020
673,Abbye,Rieme,Male,81524,09/01/1982,-5,Japan,2,01/04/2014,19,AUD,19/03/2018
674,Farrah,Gerardeaux,Female,101628,03/07/1984,29,USA,8,20/03/2011,1,INR,01/01/2019
675,Mordecai,Glossop,Female,91083,05/11/1986,11,Brazil,6,30/03/2012,15,INR,21/09/2019
676,Patrizius,Beaney,Female,90701,30/12/1983,1,Japan,18,13/06/2010,12,INR,07/12/2018
677,Willdon,Levine,Male,63097,29/11/1986,29,India,2,30/07/2018,5,AUD,22/10/2018
678,Lyn,House,Female,60971,30/05/1988,-11,Denmark,10,15/04/2013,17,INR,09/12/2020
679,Marris,Feaks,Male,87989,15/04/1986,6,Germany,19,24/12/2010,5,AUD,09/03/2018
680,Dela,Rusk,Male,103587,14/11/1991,50,Japan,3,06/09/2010,6,INR,02/02/2019
681,Blondie,Dupree,Female,74951,16/04/1991,42,India,7,23/04/2014,6,AUD,26/03/2019
682,Jeannie,Maple,Female,66718,30/03/1984,36,USA,20,17/12/2015,9,INR,20/02/2018
683,Leigh,Winborn,Female,127959,12/03/1991,-1,India,10,01/06/2017,8,INR,22/02/2020
684,Farly,Simonyi,Male,111411,08/08/1980,37,UAE,17,11/11/2011,17,AUD,19/07/2019
685,Normy,Skittrell,Female,79713,06/05/1983,57,Canada,9,24/10/2010,12,INR,21/07/2019
686,Nap,Bullivent,Male,92247,01/03/1983,-5,Japan,5,27/11/2015,9,INR,21/02/2018
687,Benny,Hurles,Male,115388,26/02/1981,26,Japan,19,25/06/2010,12,INR,01/02/2019
688,Chrystal,Sands,Female,120443,17/01/1984,55,Germany,19,28/05/2010,15,INR,05/05/2020
689,Prue,Offin,Male,90187,06/12/1991,27,Brazil,10,10/06/2014,18,AUD,09/11/2018
690,Emelen,Dorwood,Female,79198,25/10/1990,-1,Japan,20,28/02/2010,13,INR,27/02/2020
691,Catlaina,Heynen,Male,103226,15/05/1990,50,India,3,09/03/2012,13,INR,04/05/2020
692,Johnna,Leahey,Male,69639,31/03/1986,0,Canada,9,21/05/2018,5,AUD,26/07/2020
693,Garold,Beaglehole,Male,109006,24/09/1983,18,Sweden,10,26/02/2012,19,AUD,09/09/2019
694,Nero,Philipsohn,Male,62636,27/02/1984,-15,China,11,08/09/2017,1,AUD,18/08/2020
695,Wendell,Heighton,Male,84381,20/11/1991,-7,Japan,10,16/09/2011,2,AUD,18/03/2020
696,Mamie,Kunzelmann,Female,88217,15/03/1985,52,Australia,19,05/12/2013,19,AUD,16/09/2018
697,Shaylyn,Rilston,Female,81709,27/01/1990,56,Denmark,3,13/06/2010,8,AUD,08/09/2019
698,Audie,Ribbon,Female,91106,02/11/1988,41,Sweden,19,07/06/2018,9,AUD,23/11/2020
699,Benyamin,Barnsdall,Female,79189,18/07/1990,45,Australia,8,11/04/2016,8,INR,18/12/2020
700,Maxy,Pennyman,Male,121790,16/09/1991,37,Japan,10,20/08/2013,17,INR,07/11/2020
701,Rainer,Dumphreys,Male,69317,06/12/1982,5,Japan,11,02/10/2017,9,AUD,04/07/2019
702,Sydel,Deas,Female,76381,08/06/1982,22,Japan,8,10/02/2016,3,AUD,08/08/2020
703,Constantine,Bartak,Male,61834,16/08/1989,50,Canada,17,20/10/2010,8,AUD,17/04/2019
704,Lilas,Medlen,Male,105168,19/06/1989,9,Sweden,8,15/08/2010,3,INR,18/06/2020
705,Onofredo,Eglaise,Female,76908,08/04/1988,-3,Canada,11,07/11/2012,3,INR,06/09/2019
706,El,Petrus,Female,75371,21/08/1991,33,USA,14,03/03/2010,3,AUD,20/01/2020
707,Levin,Farens,Male,118744,14/11/1981,1,Australia,13,04/07/2017,11,INR,15/02/2019
708,Minda,Lyall,Male,106586,27/10/1989,19,Australia,13,13/06/2016,6,INR,24/01/2018
709,Sandy,Wittering,Female,93413,01/05/1990,29,Brazil,15,05/07/2012,3,AUD,19/10/2020
710,Kirk,Revelle,Male,93184,10/02/1984,4,Japan,9,02/09/2016,14,AUD,25/01/2018
711,Ginevra,Birkhead,Male,64279,22/02/1986,5,Denmark,7,28/07/2012,12,INR,23/07/2020
712,Lemmie,Lunge,Female,129816,30/07/1983,4,India,16,08/02/2017,4,AUD,19/09/2019
713,Dru,Walkinshaw,Female,122631,20/12/1984,-15,Denmark,16,03/02/2010,15,AUD,31/07/2019
714,Janina,O'Cooney,Female,118422,04/10/1986,-12,Japan,15,19/07/2014,14,AUD,15/06/2018
715,Barbey,Maycey,Female,73790,28/04/1983,20,India,13,19/10/2018,15,INR,28/12/2018
716,Samson,Beed,Male,99208,01/09/1982,1,Germany,14,26/10/2016,7,INR,09/02/2020
717,Peggie,Belle,Female,71828,24/08/1991,38,Germany,17,04/01/2012,20,INR,28/09/2020
718,Almeria,Ianilli,Male,120459,15/09/1988,16,Canada,5,28/04/2010,18,INR,04/10/2019
719,Kesley,Farman,Male,114602,01/02/1992,50,Brazil,20,16/01/2016,19,INR,04/02/2018
720,Clea,Bottrill,Male,66921,28/05/1983,-14,China,16,29/08/2013,17,INR,09/10/2019
721,Herschel,Gammet,Male,94413,16/10/1992,29,India,11,10/11/2018,8,INR,08/03/2019
722,Myrtice,Haversum,Male,91149,03/03/1991,17,Australia,14,02/10/2016,1,INR,13/04/2020
723,Kathleen,Lowrey,Male,111841,13/12/1982,35,Canada,17,09/06/2018,13,INR,01/07/2020
724,Corabella,Tuxsell,Female,124487,21/08/1984,30,China,15,26/01/2018,16,INR,19/01/2019
725,Jillie,Challener,Female,99684,26/09/1983,50,USA,15,22/07/2016,12,INR,18/11/2020
726,Clement,Hoyes,Female,87644,11/12/1983,-12,USA,4,25/04/2010,1,INR,09/09/2020
727,Gwenore,Bletso,Male,85042,07/08/1990,49,India,7,05/11/2012,6,AUD,13/04/2018
728,Itch,Londsdale,Male,111614,29/11/1980,36,China,16,13/10/2015,13,INR,20/08/2020
729,Katti,Whitcher,Male,82773,29/07/1981,36,Australia,18,10/07/2017,6,AUD,21/08/2020
730,Christalle,Swindells,Male,67073,20/10/1992,36,Australia,13,14/07/2012,11,INR,20/04/2018
731,Bondon,Eversley,Male,100039,23/07/1985,-10,Sweden,3,24/06/2010,13,INR,30/03/2018
732,Kane,Chawner,Female,79645,23/07/1984,15,China,8,17/07/2016,10,INR,16/04/2020
733,Archy,Coke,Male,102009,13/11/1989,43,Germany,2,30/07/2014,19,AUD,30/03/2018
734,Illa,Bramhall,Female,127625,09/08/1981,25,Japan,6,29/08/2012,6,INR,25/04/2020
735,Theodor,Waumsley,Male,112782,14/12/1984,-5,UAE,15,02/10/2014,2,INR,23/06/2018
736,Oralia,Howorth,Female,74959,12/02/1987,22,India,2,05/10/2016,3,INR,16/03/2020
737,Bebe,Freeland,Male,92302,21/11/1988,28,Australia,13,31/10/2013,6,AUD,21/10/2020
738,Philipa,Ivanishin,Female,120979,06/08/1988,-17,China,9,15/09/2012,4,INR,04/08/2019
739,Ame,Salery,Male,86464,14/01/1992,57,China,18,22/11/2017,16,AUD,16/04/2019
740,Winfield,Reichhardt,Male,125226,20/11/1984,0,India,12,15/01/2010,15,AUD,10/07/2020
741,Jasen,Younge,Male,82389,07/03/1986,22,Denmark,12,21/03/2017,8,AUD,26/11/2018
742,Aldrich,Mc Coughan,Female,124589,07/10/1985,30,UAE,3,03/06/2015,8,AUD,01/04/2018
743,Bidget,Squibe,Male,119640,21/12/1983,17,Brazil,15,02/07/2013,4,AUD,11/01/2020
744,Aurelie,Lackemann,Male,68196,26/11/1992,33,USA,20,02/09/2015,17,INR,10/09/2018
745,Alexia,Geard,Female,80978,23/08/1982,51,Sweden,1,31/07/2014,6,AUD,04/08/2020
746,Daniela,Rohloff,Male,114726,27/06/1988,7,Australia,3,08/05/2015,11,AUD,28/08/2020
747,Kary,Bailes,Male,121245,06/09/1986,22,Sweden,4,24/11/2010,6,AUD,15/10/2019
748,Alfie,Dracey,Male,82437,05/08/1984,0,Germany,18,08/07/2013,8,AUD,10/12/2018
749,Alexi,Callis,Female,104951,18/03/1986,43,Canada,4,16/08/2015,16,INR,02/02/2020
750,Niles,Phettis,Male,71891,14/09/1987,31,USA,8,25/12/2010,12,INR,22/09/2020
751,Leese,Illsley,Female,93585,06/08/1987,54,Denmark,19,13/08/2017,5,AUD,19/06/2019
752,Russell,Saldler,Female,85798,14/03/1992,8,Australia,1,07/10/2017,15,AUD,26/10/2020
753,Staffard,Foxon,Female,80987,25/02/1988,-2,Japan,5,15/02/2015,4,AUD,11/09/2020
754,Ulick,Stark,Female,71683,22/06/1982,-16,Brazil,17,13/10/2018,2,INR,17/09/2018
755,Nicolina,Simoneton,Male,128743,19/05/1992,33,USA,12,06/05/2017,13,INR,05/12/2019
756,Rodger,Filan,Female,100709,06/01/1984,40,Brazil,9,30/04/2015,14,INR,04/03/2019
757,Bettye,Gulland,Female,89690,15/07/1981,1,Canada,17,10/09/2012,8,INR,07/02/2020
758,Herc,O'Doherty,Male,73599,02/03/1990,47,India,17,23/04/2018,17,INR,27/08/2019
759,Tildi,Edger,Female,85291,16/07/1981,30,India,20,22/03/2011,2,AUD,31/07/2019
760,Boy,Martinie,Male,124871,28/08/1982,24,Australia,14,02/09/2018,9,AUD,17/10/2018
761,Jeffy,Priel,Male,108005,22/03/1987,42,Denmark,9,16/12/2015,13,INR,10/02/2019
762,Abbott,Stretton,Male,67173,13/09/1984,-13,China,6,28/07/2017,11,AUD,11/01/2018
763,Tabatha,Duddin,Female,119125,09/05/1980,26,Denmark,15,04/12/2018,18,AUD,09/05/2018
764,Wiley,Pillifant,Female,77860,24/01/1990,-4,China,20,17/11/2013,7,AUD,22/11/2020
765,Loella,Dye,Male,94400,26/02/1984,17,Denmark,15,05/11/2017,7,INR,26/09/2019
766,Leyla,Weildish,Female,80069,18/05/1987,27,Brazil,15,20/05/2013,10,AUD,11/08/2018
767,Alice,Bateson,Female,86330,14/10/1981,30,Germany,1,07/07/2013,14,INR,28/05/2018
768,Lay,Laddle,Male,98462,10/06/1984,33,UAE,15,01/01/2016,7,AUD,15/10/2019
769,Debby,Reynold,Male,109963,06/10/1980,44,Germany,17,15/09/2016,17,INR,15/11/2018
770,Elane,MacDonell,Male,119301,09/02/1991,-13,Brazil,5,04/02/2010,15,AUD,21/11/2018
771,Trix,Ambrus,Male,88180,27/03/1992,58,USA,11,19/05/2014,17,AUD,16/11/2018
772,Margaret,Gredden,Male,113105,17/03/1992,20,Denmark,2,04/11/2018,5,AUD,05/12/2019
773,Kaspar,Segrott,Male,87536,31/07/1990,32,USA,16,21/06/2017,10,AUD,07/03/2018
774,Denis,Paris,Female,82182,03/09/1985,13,China,13,07/01/2013,11,AUD,10/05/2018
775,Elmo,MacLeese,Female,92927,02/11/1984,-17,UAE,10,13/11/2017,8,AUD,24/10/2018
776,Wendel,Raddin,Female,122327,12/09/1987,13,Sweden,10,04/08/2011,17,INR,16/07/2018
777,Forest,Rosendall,Male,89010,24/07/1985,-15,India,2,13/02/2016,19,AUD,04/07/2020
778,Abby,Gilliatt,Female,111065,21/02/1986,-16,Germany,6,04/02/2015,16,AUD,09/07/2019
779,Kit,Balaam,Male,72886,20/08/1982,13,Australia,4,15/10/2015,10,AUD,15/04/2019
780,Clarance,Sadat,Female,117599,29/07/1986,24,Canada,3,29/12/2016,11,AUD,03/10/2018
781,Cordelia,McCrostie,Female,61054,04/06/1983,-16,Canada,11,28/12/2015,13,INR,12/08/2019
782,Aubert,Kiendl,Male,60487,31/07/1984,54,Australia,16,24/04/2011,11,AUD,09/06/2019
783,Niels,Dossett,Male,104213,21/11/1982,26,Denmark,2,16/04/2016,1,AUD,02/05/2020
784,Margaretta,McVicker,Female,98512,31/08/1981,12,Denmark,7,05/08/2015,15,INR,13/08/2020
785,Glenden,Tureville,Male,106269,27/12/1982,56,India,7,13/10/2015,4,AUD,02/06/2019
786,Gerhardt,Dewhurst,Male,107968,25/05/1989,11,Brazil,6,02/06/2018,1,AUD,14/02/2019
787,Jamie,Decourcy,Male,79281,10/03/1981,-9,Canada,6,27/11/2014,1,AUD,22/07/2020
788,Adella,Munday,Female,77373,25/04/1992,36,Denmark,17,05/07/2010,16,AUD,06/07/2018
789,Katine,Ghiraldi,Male,119451,11/04/1987,6,Australia,20,24/09/2013,10,AUD,27/07/2018
790,Darcy,O'Connolly,Male,115027,01/09/1990,48,Denmark,16,15/08/2014,7,INR,16/04/2020
791,Jone,Keyzor,Female,122392,22/05/1980,32,China,1,27/06/2014,4,AUD,19/01/2018
792,Dewitt,Randleson,Female,76434,07/07/1984,-11,UAE,18,30/08/2015,16,AUD,12/08/2019
793,Timothee,Haigh,Female,72328,18/03/1981,2,Sweden,3,03/01/2014,6,AUD,22/09/2018
794,Alleen,Cesconi,Female,111026,25/07/1980,56,USA,18,08/04/2012,4,INR,14/03/2019
795,Melosa,Petrishchev,Male,92876,29/10/1980,7,USA,12,05/02/2017,20,AUD,15/09/2020
796,Elenore,Matteoni,Male,64905,28/12/1989,48,India,9,12/04/2017,15,INR,12/02/2020
797,Lou,Isakson,Female,118417,10/11/1991,38,Germany,17,30/01/2018,16,INR,25/04/2018
798,Rosanne,Cream,Female,120456,08/10/1990,38,Japan,12,05/05/2013,2,INR,06/03/2019
799,Tawnya,Garmanson,Female,93372,17/03/1981,49,Denmark,20,11/12/2011,18,AUD,25/11/2019
800,Richy,Witcomb,Female,101845,11/09/1981,31,China,16,19/03/2014,5,AUD,07/08/2019
801,Mirelle,Lomath,Female,85708,27/08/1981,-13,Japan,16,24/03/2015,17,INR,26/08/2018
802,Cly,Caton,Male,65713,04/11/1991,43,Sweden,3,25/02/2013,10,INR,26/09/2018
803,Robbyn,Zupa,Female,83495,14/06/1980,5,India,20,13/03/2010,18,AUD,01/09/2020
804,Cullie,Quinton,Female,66627,02/02/1980,31,USA,15,26/08/2018,3,INR,29/09/2019
805,Phillipe,Chantler,Female,125009,09/08/1989,58,Germany,7,11/06/2016,4,INR,13/02/2019
806,Leeland,Franke,Female,107189,18/10/1987,58,Sweden,7,08/07/2015,7,AUD,17/01/2020
807,Margit,Macey,Male,92841,20/11/1980,11,Sweden,15,12/11/2010,9,INR,03/10/2018
808,Asia,Crampton,Male,100210,27/01/1983,48,Canada,2,05/08/2010,1,AUD,20/06/2018
809,Beniamino,Fellows,Female,110340,02/03/1983,31,Sweden,9,27/09/2017,16,AUD,12/07/2020
810,Gloriana,McNiven,Female,91632,16/11/1982,28,Japan,9,14/12/2014,10,AUD,19/05/2019
811,Patrizia,Snelgar,Male,93953,09/10/1986,0,India,17,14/06/2015,18,INR,09/09/2020
812,Aryn,Stichel,Female,99918,27/08/1982,59,Sweden,15,31/07/2015,3,INR,24/11/2018
813,Arri,Alkins,Male,95063,03/04/1982,14,Denmark,6,16/11/2016,6,INR,02/12/2018
814,Darby,Tichelaar,Male,94752,20/01/1980,48,Canada,15,08/02/2015,2,INR,01/04/2018
815,Sascha,Withringten,Female,108730,10/11/1982,-8,Germany,16,08/12/2014,10,AUD,29/03/2019
816,Prescott,Stanney,Female,87228,03/06/1988,-15,Brazil,20,24/05/2015,8,INR,18/09/2020
817,Curtice,Campey,Female,67950,19/06/1982,-2,Denmark,11,29/01/2015,16,AUD,28/10/2018
818,Georgina,Canceller,Male,88070,04/08/1989,19,Canada,6,22/10/2013,16,INR,10/07/2020
819,Kristian,Carlsson,Male,75212,25/10/1991,44,Canada,8,14/02/2010,17,AUD,16/10/2019
820,Merridie,Gainfort,Male,74082,19/03/1988,-9,Japan,10,22/01/2016,18,INR,11/09/2020
821,Fredrick,Whylie,Male,103677,13/09/1985,60,Canada,6,31/03/2013,2,INR,10/08/2020
822,Martguerita,Berrygun,Female,78760,07/05/1990,12,Canada,20,03/09/2018,14,INR,06/05/2020
823,Darb,Doret,Female,80840,10/01/1986,-10,Japan,18,26/09/2018,20,AUD,12/10/2020
824,Giovanna,Mussetti,Male,122760,01/07/1981,22,Brazil,3,23/01/2010,9,INR,06/07/2019
825,Timofei,Rowbotham,Female,121854,18/09/1983,50,USA,19,01/12/2015,16,AUD,28/09/2019
826,Dannie,Curr,Female,83928,11/10/1990,11,Brazil,8,22/11/2018,4,INR,20/09/2018
827,Eward,Baldacchi,Male,108691,04/04/1980,12,Denmark,19,05/08/2012,20,AUD,03/02/2019
828,Cissy,Bidewel,Male,103140,04/06/1986,35,Brazil,15,17/10/2016,11,AUD,29/06/2019
829,Genna,Steven,Female,105182,05/04/1989,-12,China,10,05/11/2014,19,AUD,19/02/2019
830,Ganny,Costard,Male,100580,29/12/1984,-8,India,5,09/11/2013,16,INR,29/11/2018
831,Farley,Commucci,Female,125369,08/09/1986,-18,Sweden,10,03/11/2015,17,AUD,17/04/2020
832,Annmarie,Chastagnier,Male,69293,09/01/1984,4,India,10,23/01/2017,14,AUD,08/02/2018
833,Donielle,Shawyer,Female,122543,03/12/1988,-4,USA,13,24/08/2010,8,INR,06/03/2019
834,Fredrick,Tankus,Female,80309,26/04/1987,51,China,9,05/03/2017,10,AUD,04/07/2018
835,Robina,Kondratyuk,Female,128924,08/02/1992,-18,Germany,5,04/10/2015,4,INR,19/04/2019
836,Tandi,Moogan,Female,112881,03/06/1981,-16,Brazil,7,28/07/2014,10,INR,03/11/2020
837,Blinnie,Filippozzi,Male,80875,31/01/1988,-2,Canada,8,16/07/2017,17,INR,17/03/2019
838,Sherwin,Timblett,Female,110500,19/09/1983,6,India,6,12/02/2010,16,AUD,10/12/2020
839,Ravid,Flay,Male,99571,09/11/1984,18,Denmark,18,23/05/2018,10,INR,01/11/2019
840,Anna-diane,Yeatman,Female,123773,16/11/1988,0,China,5,01/01/2019,17,INR,28/09/2018
841,Maddalena,Blesli,Female,66609,20/08/1985,60,Canada,2,12/03/2014,15,INR,12/04/2020
842,Jaime,Adamkiewicz,Male,123952,20/02/1992,57,USA,5,28/04/2016,11,AUD,23/02/2019
843,Brinna,Nealey,Female,103816,13/05/1984,8,China,1,18/06/2010,7,INR,18/04/2020
844,Abdel,Kowalik,Female,87786,14/04/1989,-5,China,5,31/03/2010,12,AUD,30/06/2019
845,Jard,Fellini,Female,79649,04/12/1988,46,Australia,20,24/06/2018,13,INR,11/09/2018
846,Brant,Abazi,Male,99351,11/07/1989,-15,Australia,18,20/05/2013,6,AUD,19/04/2019
847,Coriss,Hilldrop,Female,86082,21/03/1991,46,UAE,14,23/02/2012,5,INR,08/05/2020
848,Berrie,Vasyunichev,Male,67090,24/06/1992,16,Australia,7,24/01/2018,20,AUD,12/03/2020
849,Muffin,Durnell,Female,122080,21/12/1986,3,Japan,3,28/03/2012,2,AUD,13/05/2019
850,Wilmette,Bartczak,Female,113640,24/05/1987,29,Germany,16,13/03/2011,19,AUD,07/10/2018
851,Rina,Kesterton,Male,110940,24/10/1988,-16,Japan,3,21/11/2017,6,INR,08/10/2020
852,Dorian,Croall,Male,79688,05/07/1982,3,Denmark,12,13/03/2011,20,AUD,18/06/2019
853,Lian,Artist,Male,107725,03/10/1991,23,Australia,17,03/02/2015,8,INR,17/06/2019
854,Austine,Paramore,Female,60458,19/12/1992,47,Canada,6,13/09/2017,20,AUD,30/12/2020
855,Fan,Avery,Male,75627,22/05/1992,44,Japan,18,14/04/2010,20,AUD,18/07/2020
856,Christa,Dunham,Female,61418,01/06/1992,18,Australia,19,23/12/2011,9,INR,10/05/2020
857,Gates,Lowerson,Female,64522,15/08/1981,51,Brazil,18,03/10/2017,8,INR,18/11/2020
858,Clara,Norree,Female,70655,10/11/1982,34,USA,18,23/07/2012,13,AUD,05/04/2020
859,Guillema,Pedron,Female,82777,16/06/1981,-4,Japan,13,09/01/2015,11,INR,09/07/2019
860,Calli,Spracklin,Female,125841,18/08/1986,30,Australia,12,01/10/2018,10,INR,18/09/2020
861,Pierce,Cello,Female,88546,24/05/1986,44,China,5,29/06/2018,20,INR,13/03/2020
862,Tawnya,Badder,Female,113101,02/05/1981,1,USA,2,14/01/2016,4,AUD,02/10/2019
863,Berkeley,Faires,Male,86510,26/08/1981,11,Germany,4,17/03/2016,4,INR,20/05/2020
864,Jaime,Keen,Female,117626,31/07/1980,11,Brazil,5,28/09/2010,10,INR,10/11/2020
865,Megen,Patron,Male,104043,13/11/1989,25,Australia,9,22/04/2014,18,INR,30/10/2020
866,Matias,Corbridge,Female,61510,13/12/1987,58,India,20,04/11/2018,4,INR,18/02/2019
867,Erminie,McGruar,Female,93291,30/06/1983,-2,Sweden,5,08/11/2011,1,INR,11/12/2020
868,Mendy,Shimon,Female,128085,02/04/1986,8,Brazil,2,02/12/2013,13,INR,08/01/2018
869,Tine,Antic,Male,89455,02/11/1992,59,Brazil,12,05/08/2016,6,AUD,26/12/2018
870,Cam,Pavy,Male,67369,08/04/1992,53,Australia,8,28/04/2014,11,AUD,12/12/2020
871,Selig,Cyseley,Female,66317,25/07/1987,-15,USA,10,04/03/2018,9,INR,07/10/2019
872,Gerrie,Longo,Male,83922,26/09/1990,29,USA,9,18/01/2014,12,INR,22/08/2019
873,Pepita,Moubray,Male,90020,28/06/1981,1,Sweden,10,07/09/2016,14,INR,05/01/2019
874,Merilee,Hay,Female,124248,08/12/1988,35,UAE,17,14/04/2013,15,INR,18/08/2019
875,Olia,Archanbault,Female,77971,28/02/1992,40,Denmark,16,24/01/2015,11,INR,28/09/2018
876,Christophorus,Dottrell,Female,109403,07/12/1986,50,Australia,10,29/04/2015,16,INR,14/08/2018
877,Meade,Ibbotson,Female,99459,27/10/1991,15,Brazil,7,11/10/2015,8,INR,18/06/2019
878,Burch,Deaton,Male,123766,05/05/1991,55,UAE,10,18/07/2016,5,AUD,09/03/2019
879,Parsifal,Streets,Female,94234,16/12/1988,-10,Denmark,16,12/01/2011,4,AUD,05/05/2018
880,Benedetto,Sturm,Male,86378,23/12/1988,13,UAE,11,03/06/2016,18,INR,09/03/2020
881,Mead,McRobert,Female,129069,04/10/1984,10,Japan,1,13/07/2012,8,AUD,11/05/2020
882,Mallissa,Kerridge,Female,112648,21/01/1983,55,China,16,01/01/2016,11,INR,18/06/2019
883,Jacklyn,Semrad,Male,96987,11/06/1983,34,USA,11,16/07/2017,19,INR,06/05/2020
884,Dorisa,Pettigrew,Male,61702,06/09/1987,-7,India,11,13/08/2014,17,INR,13/03/2019
885,Sabine,Bagnell,Male,68523,25/01/1989,-5,Brazil,10,05/06/2016,9,INR,14/12/2018
886,Aili,Cobelli,Male,126766,06/03/1989,-13,China,19,14/08/2012,16,AUD,26/04/2018
887,Silvanus,Henmarsh,Female,121249,05/11/1992,5,Denmark,18,12/11/2010,20,INR,03/05/2018
888,Jessa,Loosmore,Female,112129,15/08/1987,27,Canada,13,19/05/2014,1,AUD,11/02/2019
889,Tiertza,Skitral,Female,87281,03/09/1987,6,Germany,8,12/05/2017,9,AUD,21/08/2020
890,Emory,Bawdon,Male,80051,30/09/1980,18,UAE,19,10/10/2018,3,AUD,02/09/2018
891,Galen,Callcott,Female,110242,13/05/1982,29,India,1,10/01/2015,14,INR,23/02/2019
892,Rosie,Ivanikov,Female,77563,14/07/1983,33,Japan,12,08/02/2011,10,INR,08/06/2019
893,Bartram,Fearneley,Female,102897,12/04/1984,35,Denmark,6,16/12/2012,7,INR,04/09/2019
894,Davie,Steiner,Male,75584,05/03/1982,-10,China,19,18/10/2018,13,INR,28/04/2018
895,Reidar,Heakey,Female,66487,01/05/1988,23,Japan,9,04/05/2010,12,INR,29/12/2019
896,Pieter,Feaster,Male,128242,14/01/1991,29,India,3,04/03/2012,6,INR,31/01/2019
897,Ardisj,Luisetti,Female,127798,29/05/1982,25,Brazil,4,15/12/2015,2,AUD,27/06/2020
898,Shem,Raddin,Female,120954,20/09/1988,58,Germany,4,07/08/2015,2,INR,02/10/2018
899,Andreas,Fermor,Male,106850,08/04/1989,13,India,18,04/09/2014,7,INR,05/10/2020
900,Ezra,Siemens,Male,77971,26/05/1990,17,UAE,7,03/07/2010,1,AUD,21/05/2020
901,Jenine,Konertz,Female,127833,01/01/1981,-6,Sweden,17,15/09/2017,12,INR,20/09/2019
902,Lynnea,Hulse,Male,71707,27/04/1990,-5,Japan,6,14/03/2013,12,AUD,13/06/2018
903,Bevon,Cooper,Male,65468,11/12/1989,60,Sweden,14,18/05/2013,16,AUD,08/10/2020
904,Markus,Falvey,Male,128925,28/07/1980,41,China,6,16/10/2017,2,INR,15/10/2020
905,Kessia,Davitt,Female,86652,09/03/1986,41,UAE,6,12/02/2015,16,AUD,12/03/2019
906,Maudie,Timothy,Male,83849,21/09/1982,6,India,2,22/01/2012,14,AUD,24/02/2018
907,Amory,Zuanazzi,Female,105478,02/02/1987,-3,Germany,2,12/03/2015,10,INR,24/04/2019
908,Oona,Martini,Male,105262,27/07/1991,51,Denmark,14,13/09/2011,6,AUD,09/01/2018
909,Skipp,Gowanson,Female,73976,14/09/1988,44,China,8,24/01/2010,16,AUD,13/10/2020
910,Jareb,Cousen,Male,119214,09/10/1982,31,Canada,15,04/07/2014,3,INR,18/05/2018
911,Stafford,Jaycock,Female,79326,05/07/1982,58,Brazil,8,22/12/2012,8,AUD,30/11/2020
912,Roddie,Lazenbury,Male,125046,15/05/1986,22,Australia,14,15/08/2017,20,AUD,15/09/2020
913,Silvio,Pinnell,Female,64837,09/07/1985,60,USA,7,20/07/2011,16,INR,22/11/2020
914,Etti,Sharpus,Male,66745,10/03/1980,2,Brazil,8,18/03/2012,7,AUD,24/03/2020
915,Geoffrey,Mountford,Male,60063,13/12/1982,7,India,15,26/11/2010,8,INR,26/05/2020
916,Thain,Eastbrook,Female,76271,01/02/1982,58,Germany,14,17/07/2018,20,INR,23/07/2018
917,Roger,Plumbe,Male,69802,23/04/1987,9,Brazil,13,01/07/2010,15,AUD,25/03/2019
918,Muriel,Spiteri,Female,113133,19/10/1982,55,Denmark,3,09/08/2014,7,INR,09/12/2018
919,York,Tebb,Female,125108,06/10/1992,17,Australia,14,14/04/2016,5,AUD,11/06/2018
920,Alon,Letts,Male,109183,04/04/1987,15,Sweden,8,05/06/2017,15,AUD,14/05/2018
921,Rockwell,Defond,Male,79601,11/08/1985,-16,Japan,1,27/04/2013,11,AUD,02/11/2018
922,Ulrika,Hillatt,Male,107405,24/09/1984,32,Germany,4,26/01/2014,4,INR,09/11/2019
923,Chase,Sebrook,Male,91350,02/03/1989,45,Japan,9,02/08/2012,10,INR,01/02/2018
924,Elbert,Nelthrop,Male,88272,12/12/1991,38,USA,13,07/04/2012,16,INR,05/05/2019
925,Evania,Launder,Female,77472,07/01/1988,-17,USA,18,21/03/2011,10,AUD,04/07/2019
926,Reinhard,Whieldon,Female,112510,24/01/1980,59,USA,5,02/06/2013,12,AUD,09/01/2019
927,Helli,Nolli,Female,94474,18/06/1986,16,UAE,19,24/03/2017,15,AUD,16/02/2019
928,Christophorus,D'Orsay,Female,111512,06/04/1990,39,USA,11,05/08/2012,1,INR,08/09/2020
929,Allsun,Manssuer,Male,82880,23/11/1989,35,Brazil,18,10/08/2014,2,INR,29/10/2019
930,Raquela,Dougan,Female,76552,15/09/1987,12,Germany,17,04/08/2012,6,INR,06/04/2018
931,Marrilee,Victoria,Male,85345,24/10/1983,20,Japan,15,16/08/2011,5,AUD,06/04/2019
932,Vernon,Worcs,Male,106324,11/12/1991,-7,Brazil,17,19/09/2016,4,AUD,27/09/2019
933,Barbra,Mustoe,Female,70279,02/07/1987,11,Canada,10,02/09/2015,10,AUD,27/11/2020
934,Keefer,Lecordier,Female,109197,25/08/1980,6,China,7,12/12/2018,14,INR,22/08/2019
935,Sacha,Harome,Female,120297,29/10/1983,-2,Germany,5,11/02/2017,15,INR,05/10/2018
936,Daron,Simacek,Female,84701,17/02/1983,20,Germany,4,21/01/2015,17,INR,14/11/2019
937,Heywood,Fitzroy,Female,94906,19/04/1990,43,USA,14,25/05/2012,19,AUD,19/04/2018
938,Verla,Sidlow,Female,115245,10/09/1989,22,Canada,13,24/10/2012,20,INR,18/11/2019
939,Hodge,Keyte,Female,82252,22/12/1982,44,UAE,15,22/03/2010,15,INR,07/07/2020
940,Errol,Balmann,Female,98436,08/09/1992,56,Canada,12,13/11/2017,9,AUD,13/06/2018
941,Kaile,Barke,Male,101755,11/11/1989,-16,UAE,5,08/02/2016,20,AUD,03/04/2019
942,Ivan,Trigwell,Male,95145,30/05/1987,51,India,2,04/12/2011,11,AUD,09/05/2020
943,Germaine,MacNally,Male,99527,01/02/1992,-14,China,12,24/11/2011,11,AUD,30/04/2018
944,Granny,Ritson,Female,65628,06/05/1985,-9,Australia,18,02/12/2011,12,AUD,05/02/2020
945,Gregoor,Stanyard,Female,93327,05/12/1984,23,Australia,8,22/01/2013,12,AUD,03/05/2018
946,Catrina,Root,Female,110858,08/12/1991,-8,Sweden,11,28/09/2017,3,INR,04/05/2018
947,Laurens,Lorant,Female,73065,25/10/1980,-18,Sweden,16,05/10/2011,16,AUD,19/10/2020
948,Hildagarde,Scowcroft,Male,104967,23/09/1986,2,Denmark,16,23/01/2012,10,AUD,25/09/2019
949,Victor,Pirt,Male,118219,29/07/1991,-17,Brazil,11,03/04/2017,1,INR,22/04/2020
950,Ammamaria,Castagneri,Female,124391,11/01/1989,5,Denmark,19,07/02/2013,19,AUD,02/05/2018
951,Shalom,Farren,Female,79764,22/11/1991,40,Denmark,16,03/03/2014,1,AUD,08/05/2019
952,Marten,Grog,Male,65193,09/08/1989,-9,Brazil,6,01/08/2017,8,INR,20/04/2020
953,Clarey,Conachy,Male,61004,02/03/1980,41,Brazil,5,05/04/2012,10,INR,23/02/2019
954,Thurston,Christoffe,Female,73608,16/05/1988,25,Sweden,18,15/11/2011,2,INR,25/09/2018
955,Filia,Beccera,Male,94780,03/09/1989,45,Germany,18,14/10/2015,5,AUD,31/12/2020
956,Fayth,Hehnke,Female,119009,17/09/1982,32,Denmark,14,14/06/2016,4,AUD,30/11/2020
957,Casper,Meneely,Female,61356,24/12/1988,-15,Germany,17,12/07/2011,19,INR,08/10/2018
958,Gunner,Thorogood,Female,128577,03/12/1983,40,Japan,5,27/07/2017,19,INR,07/09/2019
959,Violet,Mullen,Female,112289,19/10/1983,11,Australia,17,25/05/2016,8,INR,02/07/2018
960,Joya,Durram,Female,122745,05/07/1981,20,Germany,17,22/03/2018,19,INR,20/12/2018
961,Del,Syne,Male,99024,13/04/1986,5,Brazil,6,03/02/2011,17,INR,19/11/2018
962,Jillayne,Cosstick,Male,118007,12/06/1992,-5,USA,15,23/06/2013,17,AUD,05/06/2018
963,Nancee,Greetland,Male,89829,22/10/1983,60,Japan,19,02/10/2018,3,AUD,02/01/2019
964,Beale,O'Brien,Male,109932,08/05/1984,36,Canada,3,04/05/2011,11,INR,02/12/2019
965,Coleman,Andres,Female,127295,15/04/1984,51,India,19,15/01/2015,20,INR,01/07/2020
966,Carmita,Facchini,Female,107846,22/07/1991,18,Canada,6,23/02/2013,7,AUD,22/12/2020
967,Sharla,Quadrio,Male,129096,14/11/1992,-5,India,16,07/03/2015,14,AUD,09/05/2020
968,Karalee,Congrave,Female,62244,08/10/1990,58,Germany,2,27/04/2015,3,INR,24/01/2020
969,Goddard,Crockley,Female,89156,08/09/1983,8,China,9,02/12/2017,10,INR,04/07/2019
970,Berny,Guillon,Female,114133,27/08/1984,16,Denmark,3,11/03/2014,3,INR,13/01/2018
971,Verena,Vernalls,Female,119904,04/09/1983,26,China,18,15/03/2018,2,INR,02/08/2018
972,Dana,Featherstonhaugh,Female,107367,05/09/1991,42,Brazil,2,20/06/2017,20,INR,18/01/2019
973,Cairistiona,Brasner,Female,102049,09/04/1985,1,Australia,18,21/12/2012,1,INR,09/02/2018
974,Pat,Randalson,Male,71915,23/10/1991,27,China,4,18/02/2012,7,INR,01/02/2020
975,Sonny,Clother,Male,66017,30/01/1985,41,Canada,15,21/11/2015,16,AUD,14/10/2018
976,Sibella,Cron,Male,78833,11/09/1982,48,China,5,17/07/2011,15,AUD,11/12/2020
977,Aguste,Pyford,Male,89498,22/12/1992,37,UAE,7,01/03/2015,11,AUD,19/04/2020
978,Myrtice,Boteman,Female,67186,12/05/1982,46,Germany,9,12/10/2012,16,AUD,22/12/2018
979,Livvy,Haddinton,Female,95684,31/08/1981,6,China,20,21/05/2017,9,AUD,30/01/2018
980,Guss,Whistan,Female,109074,31/01/1980,26,Brazil,19,08/01/2011,18,AUD,06/02/2018
981,Burl,Bouller,Female,127662,01/10/1991,-11,Canada,4,25/05/2018,8,AUD,08/01/2020
982,Thedrick,Lamanby,Female,66718,19/04/1990,29,UAE,9,13/12/2011,8,INR,14/04/2019
983,Neron,Joscelin,Male,104848,17/12/1986,15,Canada,17,06/02/2010,2,AUD,19/07/2020
984,Fredek,Keeton,Male,70352,23/01/1984,-8,India,15,24/05/2018,5,INR,18/08/2019
985,Ermina,Kitching,Male,79663,13/06/1987,24,Denmark,18,14/03/2014,5,AUD,18/10/2020
986,Erin,Brownbill,Female,68472,12/04/1986,52,Denmark,11,01/08/2010,17,INR,20/09/2018
987,Marlena,Gilyatt,Female,110360,29/11/1981,33,Sweden,20,15/10/2012,10,AUD,19/11/2020
988,Robbi,Webermann,Male,125388,08/11/1989,5,Denmark,16,28/07/2012,15,AUD,12/12/2018
989,Twila,Ashforth,Female,66286,17/05/1988,45,Denmark,15,12/05/2011,11,INR,29/01/2020
990,Helaina,Stockbridge,Female,121209,23/11/1990,27,UAE,20,24/07/2018,14,INR,20/08/2019
991,Antonia,McNulty,Female,64150,14/07/1983,5,Australia,17,04/11/2012,5,INR,28/06/2020
992,Clayson,Pervoe,Female,82751,17/03/1988,12,Australia,10,23/10/2018,3,AUD,28/07/2018
993,Annecorinne,Aylward,Female,93103,20/02/1987,19,Germany,18,02/05/2016,1,INR,22/10/2018
994,Yorker,Szabo,Female,110970,21/08/1980,38,Denmark,10,09/09/2018,14,AUD,02/03/2018
995,Ava,Le Borgne,Male,128148,15/01/1985,-10,Germany,10,10/01/2016,16,INR,01/01/2021
996,Katherine,Brimblecombe,Female,116879,23/05/1990,-15,Sweden,14,15/05/2012,17,INR,06/01/2019
997,Cordelie,Gyurko,Male,63118,18/02/1990,-12,Australia,20,11/11/2015,17,AUD,22/02/2020
998,Grant,Brimacombe,Female,127595,07/05/1992,-11,USA,2,16/08/2011,11,INR,03/08/2020
999,Pietro,Eicke,Female,110398,01/09/1980,10,UAE,16,04/03/2011,8,AUD,14/10/2020
1000,Marna,Nunnery,Male,114614,08/05/1991,-15,Canada,9,03/03/2017,9,INR,04/09/2020
